,Unnamed: 0,Unnamed: 0.1,name,period,last_extract
0,0.0,0.0,CROX,2000d,12-28-2021
1,1.0,1.0,CHKP,2000d,12-28-2021
2,2.0,2.0,LUV,2000d,12-28-2021
3,3.0,3.0,DKL,2000d,12-28-2021
4,4.0,4.0,NVRO,2000d,12-28-2021
5,5.0,5.0,BHE,2000d,12-28-2021
6,6.0,6.0,XLNX,2000d,12-28-2021
7,7.0,7.0,GMED,2000d,12-28-2021
8,8.0,8.0,YY,2000d,12-28-2021
9,9.0,9.0,AJG,2000d,12-28-2021
10,10.0,10.0,TITN,2000d,12-28-2021
11,11.0,11.0,ABC,2000d,12-28-2021
12,12.0,12.0,BRO,2000d,12-28-2021
13,13.0,13.0,HP,2000d,12-28-2021
14,14.0,14.0,UGI,2000d,12-28-2021
15,15.0,15.0,OGI,2000d,12-28-2021
16,16.0,16.0,LVS,2000d,12-28-2021
17,17.0,17.0,PSEC,2000d,12-28-2021
18,18.0,18.0,MOS,2000d,12-28-2021
19,19.0,19.0,MRK,2000d,12-28-2021
20,20.0,20.0,SLGN,2000d,12-28-2021
21,21.0,21.0,CAKE,2000d,12-28-2021
22,22.0,22.0,BLDR,2000d,12-28-2021
23,23.0,23.0,CRM,2000d,12-28-2021
24,24.0,24.0,CTXS,2000d,12-28-2021
25,25.0,25.0,BEN,2000d,12-28-2021
26,26.0,26.0,TRIP,2000d,12-28-2021
27,27.0,27.0,GES,2000d,12-28-2021
28,28.0,28.0,MA,2000d,12-28-2021
29,29.0,29.0,SAVE,2000d,12-28-2021
30,30.0,30.0,CZR,2000d,12-28-2021
31,31.0,31.0,QFIN,2000d,12-28-2021
32,32.0,32.0,CAH,2000d,12-28-2021
33,33.0,33.0,WOLF,2000d,12-28-2021
34,34.0,34.0,FRPT,2000d,12-28-2021
35,35.0,35.0,NTUS,2000d,12-28-2021
36,36.0,36.0,AIT,2000d,12-28-2021
37,37.0,37.0,WIT,2000d,12-28-2021
38,38.0,38.0,UTHR,2000d,12-28-2021
39,39.0,,GH,2000d,12-28-2021
40,40.0,,ZYXI,2000d,12-28-2021
41,41.0,,BGCP,2000d,12-28-2021
42,42.0,,RPD,2000d,12-28-2021
43,43.0,,RGLS,2000d,12-28-2021
44,44.0,,CGC,2000d,12-28-2021
45,45.0,,KOP,2000d,12-28-2021
46,46.0,,PRU,2000d,12-28-2021
47,47.0,,DM,2000d,12-28-2021
48,48.0,,FTI,2000d,12-28-2021
49,49.0,,QCOM,2000d,12-28-2021
50,50.0,,NICE,2000d,12-28-2021
51,51.0,,NTGR,2000d,12-28-2021
52,52.0,,FCX,2000d,12-28-2021
53,53.0,,CME,2000d,12-28-2021
54,54.0,,PAA,2000d,12-28-2021
55,55.0,,FLEX,2000d,12-28-2021
56,56.0,,DGII,2000d,12-28-2021
57,57.0,,HLF,2000d,12-28-2021
58,58.0,,SR,2000d,12-28-2021
59,59.0,,CAJ,2000d,12-28-2021
60,60.0,,CMC,2000d,12-28-2021
61,61.0,,MAS,2000d,12-28-2021
62,62.0,,ABBV,2000d,12-28-2021
63,63.0,,KLIC,2000d,12-28-2021
64,64.0,,PFE,2000d,12-28-2021
65,65.0,,AMD,2000d,12-28-2021
66,66.0,,VALE,2000d,12-28-2021
67,67.0,,VLO,2000d,12-28-2021
68,68.0,,HAIN,2000d,12-28-2021
69,69.0,,BCRX,2000d,12-28-2021
70,70.0,,TREE,2000d,12-28-2021
71,71.0,,CSIQ,2000d,12-28-2021
72,72.0,,TSCO,2000d,12-28-2021
73,73.0,,KRNT,2000d,12-28-2021
74,74.0,,VSAT,2000d,12-28-2021
75,75.0,,BECN,2000d,12-28-2021
76,76.0,,MANT,2000d,12-28-2021
77,77.0,,NEWR,2000d,12-28-2021
78,78.0,,TRI,2000d,12-28-2021
79,79.0,,ROL,2000d,12-28-2021
80,80.0,,JELD,2000d,12-28-2021
81,81.0,,ALNY,2000d,12-28-2021
82,82.0,,EOSE,2000d,12-28-2021
83,83.0,,APAM,2000d,12-28-2021
84,84.0,,ABT,2000d,12-28-2021
85,85.0,,ANIK,2000d,12-28-2021
86,86.0,,KLAC,2000d,12-28-2021
87,87.0,,NI,2000d,12-28-2021
88,88.0,,WMT,2000d,12-28-2021
89,89.0,,ARW,2000d,12-28-2021
90,90.0,,DMRC,2000d,12-28-2021
91,91.0,,DGX,2000d,12-28-2021
92,92.0,,CMI,2000d,12-28-2021
93,93.0,,IPAR,2000d,12-28-2021
94,94.0,,CSL,2000d,12-28-2021
95,95.0,,HII,2000d,12-28-2021
96,96.0,,FELE,2000d,12-28-2021
97,97.0,,ARLO,2000d,12-28-2021
98,98.0,,XENE,2000d,12-28-2021
99,,,AQUA,2000d,12-29-2021
100,,,BZH,2000d,12-29-2021
101,,,LIN,2000d,12-29-2021
102,,,AEE,2000d,12-29-2021
103,,,CTRA,2000d,12-29-2021
104,,,V,2000d,12-29-2021
105,,,CI,2000d,12-29-2021
106,,,SPH,2000d,12-29-2021
107,,,AVDL,2000d,12-29-2021
108,,,TARO,2000d,12-29-2021
109,,,EPC,2000d,12-29-2021
110,,,RIG,2000d,12-29-2021
111,,,MDLZ,2000d,12-29-2021
112,,,COMM,2000d,12-29-2021
113,,,CGNX,2000d,12-29-2021
114,,,NDAQ,2000d,12-29-2021
115,,,SCU,2000d,12-29-2021
116,,,IFF,2000d,12-29-2021
117,,,BRK-B,2000d,12-29-2021
118,,,JBLU,2000d,12-29-2021
119,,,LKFN,2000d,12-29-2021
120,,,VMW,2000d,12-29-2021
121,,,TTEC,2000d,12-29-2021
122,,,IAA,2000d,12-29-2021
123,,,CVNA,2000d,12-29-2021
124,,,SPR,2000d,12-29-2021
125,,,FNF,2000d,12-29-2021
126,,,MOG-A,2000d,12-29-2021
127,,,IBKR,2000d,12-29-2021
128,,,JILL,2000d,12-29-2021
129,,,LAZ,2000d,12-29-2021
130,,,HCI,2000d,12-29-2021
131,,,TGTX,2000d,12-29-2021
132,,,SNOW,2000d,12-29-2021
133,,,TGH,2000d,12-29-2021
134,,,CAG,2000d,12-29-2021
135,,,ALC,2000d,12-29-2021
136,,,NTRA,2000d,12-29-2021
137,,,ICFI,2000d,12-29-2021
138,,,FLWS,2000d,12-29-2021
139,,,WRK,2000d,12-29-2021
140,,,TFC,2000d,12-29-2021
141,,,NLS,2000d,12-29-2021
142,,,HBI,2000d,12-29-2021
143,,,CATO,2000d,12-29-2021
144,,,ADM,2000d,12-29-2021
145,,,PATK,2000d,12-29-2021
146,,,ERJ,2000d,12-29-2021
147,,,ALSN,2000d,12-29-2021
148,,,NEM,2000d,12-29-2021
149,,,BCPC,2000d,12-29-2021
150,,,TDOC,2000d,12-29-2021
151,,,SNDR,2000d,12-29-2021
152,,,FCN,2000d,12-29-2021
153,,,CACI,2000d,12-29-2021
154,,,AUD,2000d,12-29-2021
155,,,MYGN,2000d,12-29-2021
156,,,ETR,2000d,12-29-2021
157,,,IRDM,2000d,12-29-2021
158,,,PINC,2000d,12-29-2021
159,,,ROST,2000d,12-29-2021
160,,,ZYNE,2000d,12-29-2021
161,,,GIS,2000d,12-29-2021
162,,,CTSH,2000d,12-29-2021
163,,,FDP,2000d,12-29-2021
164,,,NVEC,2000d,12-29-2021
165,,,IOSP,2000d,12-29-2021
166,,,GWW,2000d,12-29-2021
167,,,SUM,2000d,12-29-2021
168,,,TPL,2000d,12-29-2021
169,,,ATO,2000d,12-29-2021
170,,,CWH,2000d,12-29-2021
171,,,SKM,2000d,12-29-2021
172,,,ADT,2000d,12-29-2021
173,,,HSKA,2000d,12-29-2021
174,,,HXL,2000d,12-29-2021
175,,,QUOT,2000d,12-29-2021
176,,,FOSL,2000d,12-29-2021
177,,,CBZ,2000d,12-29-2021
178,,,SKYW,2000d,12-29-2021
179,,,VIVO,2000d,12-29-2021
180,,,VRRM,2000d,12-29-2021
181,,,KRO,2000d,12-29-2021
182,,,JLL,2000d,12-29-2021
183,,,MTG,2000d,12-29-2021
184,,,PPC,2000d,12-29-2021
185,,,AAP,2000d,12-29-2021
186,,,APPS,2000d,12-29-2021
187,,,JACK,2000d,12-29-2021
188,,,RDFN,2000d,12-29-2021
189,,,ASTE,2000d,12-29-2021
190,,,SWI,2000d,12-29-2021
191,,,MGEE,2000d,12-29-2021
192,,,CMP,2000d,12-29-2021
193,,,HAS,2000d,12-29-2021
194,,,BCO,2000d,12-29-2021
195,,,CCL,2000d,12-29-2021
196,,,AAL,2000d,12-29-2021
197,,,EFX,2000d,12-29-2021
198,,,RUSHA,2000d,12-29-2021
199,,,UPLD,2000d,12-29-2021
200,,,BAX,2000d,12-29-2021
201,,,SYK,2000d,12-29-2021
202,,,ICE,2000d,12-29-2021
203,,,XPEV,2000d,12-29-2021
204,,,MITK,2000d,12-29-2021
205,,,APD,2000d,12-29-2021
206,,,MDT,2000d,12-29-2021
207,,,WFC,2000d,12-29-2021
208,,,KGC,2000d,12-29-2021
209,,,ATGE,2000d,12-29-2021
210,,,ITCI,2000d,12-29-2021
211,,,CIR,2000d,12-29-2021
212,,,WWW,2000d,12-29-2021
213,,,AMPH,2000d,12-29-2021
214,,,SEE,2000d,12-29-2021
215,,,MCO,2000d,12-29-2021
216,,,PLAY,2000d,12-29-2021
217,,,UNM,2000d,12-29-2021
218,,,MYRG,2000d,12-29-2021
219,,,PIPR,2000d,12-29-2021
220,,,MLI,2000d,12-29-2021
221,,,IQV,2000d,12-29-2021
222,,,AMSF,2000d,12-29-2021
223,,,ICPT,2000d,12-29-2021
224,,,NUAN,2000d,12-29-2021
225,,,RGLD,2000d,12-29-2021
226,,,HSIC,2000d,12-29-2021
227,,,SONO,2000d,12-29-2021
228,,,PFG,2000d,12-29-2021
229,,,PCG,2000d,12-29-2021
230,,,FUTU,2000d,12-29-2021
231,,,AEL,2000d,12-29-2021
232,,,FIVN,2000d,12-29-2021
233,,,WIRE,2000d,12-29-2021
234,,,FSLY,2000d,12-29-2021
235,,,IPG,2000d,12-29-2021
236,,,EMKR,2000d,12-29-2021
237,,,NOV,2000d,12-29-2021
238,,,EVC,2000d,12-29-2021
239,,,TW,2000d,12-29-2021
240,,,IT,2000d,12-29-2021
241,,,TER,2000d,12-29-2021
242,,,PBI,2000d,12-29-2021
243,,,KFY,2000d,12-29-2021
244,,,GILD,2000d,12-29-2021
245,,,CDW,2000d,12-29-2021
246,,,RH,2000d,12-29-2021
247,,,BCOV,2000d,12-29-2021
248,,,NX,2000d,12-29-2021
249,,,XNCR,2000d,12-29-2021
250,,,CULP,2000d,12-29-2021
251,,,DIN,2000d,12-29-2021
252,,,BALY,2000d,12-29-2021
253,,,VCRA,2000d,12-29-2021
254,,,BLDP,2000d,12-29-2021
255,,,SF,2000d,12-29-2021
256,,,WSC,2000d,12-29-2021
257,,,TVTY,2000d,12-29-2021
258,,,NBR,2000d,12-29-2021
259,,,WDFC,2000d,12-29-2021
260,,,CCEP,2000d,12-29-2021
261,,,DKS,2000d,12-29-2021
262,,,ALLE,2000d,12-29-2021
263,,,CWEN,2000d,12-29-2021
264,,,MAN,2000d,12-29-2021
265,,,CRUS,2000d,12-29-2021
266,,,ELF,2000d,12-29-2021
267,,,PKI,2000d,12-29-2021
268,,,SMAR,2000d,12-29-2021
269,,,GLNG,2000d,12-29-2021
270,,,SXT,2000d,12-29-2021
271,,,UHAL,2000d,12-29-2021
272,,,TGT,2000d,12-29-2021
273,,,KFRC,2000d,12-29-2021
274,,,STZ,2000d,12-29-2021
275,,,NXST,2000d,12-29-2021
276,,,VNT,2000d,12-29-2021
277,,,SQ,2000d,12-29-2021
278,,,GLOB,2000d,12-29-2021
279,,,PAG,2000d,12-29-2021
280,,,DVA,2000d,12-29-2021
281,,,CSX,2000d,12-29-2021
282,,,TRUE,2000d,12-29-2021
283,,,HOOD,2000d,12-29-2021
284,,,IEP,2000d,12-29-2021
285,,,DOCN,2000d,12-29-2021
286,,,AVGO,2000d,12-29-2021
287,,,HAE,2000d,12-29-2021
288,,,VIA,2000d,12-29-2021
289,,,ANTM,2000d,12-29-2021
290,,,RL,2000d,12-29-2021
291,,,BLK,2000d,12-29-2021
292,,,CLR,2000d,12-29-2021
293,,,PXLW,2000d,12-29-2021
294,,,ABEO,2000d,12-29-2021
295,,,MUSA,2000d,12-29-2021
296,,,VIPS,2000d,12-29-2021
297,,,WIX,2000d,12-29-2021
298,,,CLVT,2000d,12-29-2021
299,,,SFIX,2000d,12-29-2021
300,,,G,2000d,12-29-2021
301,,,OVV,2000d,12-29-2021
302,,,MLCO,2000d,12-29-2021
303,,,ZG,2000d,12-29-2021
304,,,MTH,2000d,12-29-2021
305,,,NRG,2000d,12-29-2021
306,,,SLCA,2000d,12-29-2021
307,,,SRPT,2000d,12-29-2021
308,,,KSS,2000d,12-29-2021
309,,,CYH,2000d,12-29-2021
310,,,WCC,2000d,12-29-2021
311,,,GE,2000d,12-29-2021
312,,,TTEK,2000d,12-29-2021
313,,,BVN,2000d,12-29-2021
314,,,TDY,2000d,12-29-2021
315,,,UAL,2000d,12-29-2021
316,,,AMWD,2000d,12-29-2021
317,,,POST,2000d,12-29-2021
318,,,DNLI,2000d,12-29-2021
319,,,VVV,2000d,12-29-2021
320,,,NOK,2000d,12-29-2021
321,,,NYT,2000d,12-29-2021
322,,,SPCE,2000d,12-29-2021
323,,,JD,2000d,12-29-2021
324,,,AMRS,2000d,12-29-2021
325,,,DOW,2000d,12-29-2021
326,,,MBUU,2000d,12-29-2021
327,,,BPMC,2000d,12-29-2021
328,,,CGEN,2000d,12-29-2021
329,,,TEN,2000d,12-29-2021
330,,,BX,2000d,12-29-2021
331,,,AVTR,2000d,12-29-2021
332,,,BGS,2000d,12-29-2021
333,,,COIN,2000d,12-29-2021
334,,,VCYT,2000d,12-29-2021
335,,,LQDT,2000d,12-29-2021
336,,,CHE,2000d,12-29-2021
337,,,LAWS,2000d,12-29-2021
338,,,REYN,2000d,12-29-2021
339,,,CDLX,2000d,12-29-2021
340,,,BKNG,2000d,12-29-2021
341,,,CDE,2000d,12-29-2021
342,,,AVYA,2000d,12-29-2021
343,,,UVV,2000d,12-29-2021
344,,,SPB,2000d,12-29-2021
345,,,GIL,2000d,12-29-2021
346,,,AMBA,2000d,12-29-2021
347,,,IPI,2000d,12-29-2021
348,,,CMG,2000d,12-29-2021
349,,,PANW,2000d,12-29-2021
350,,,AX,2000d,12-29-2021
351,,,KO,2000d,12-29-2021
352,,,QSR,2000d,12-29-2021
353,,,RGA,2000d,12-29-2021
354,,,INTC,2000d,12-29-2021
355,,,INTU,2000d,12-29-2021
356,,,KEYS,2000d,12-29-2021
357,,,AXON,2000d,12-29-2021
358,,,INT,2000d,12-29-2021
359,,,PLXS,2000d,12-29-2021
360,,,APRN,2000d,12-29-2021
361,,,CYTK,2000d,12-29-2021
362,,,CTVA,2000d,12-29-2021
363,,,PRIM,2000d,12-29-2021
364,,,OIS,2000d,12-29-2021
365,,,HWKN,2000d,12-29-2021
366,,,BLMN,2000d,12-29-2021
367,,,ABG,2000d,12-29-2021
368,,,WING,2000d,12-29-2021
369,,,MKTX,2000d,12-29-2021
370,,,SAIC,2000d,12-29-2021
371,,,FARO,2000d,12-29-2021
372,,,HI,2000d,12-29-2021
373,,,MSGE,2000d,12-29-2021
374,,,FREQ,2000d,12-29-2021
375,,,RHI,2000d,12-29-2021
376,,,LOW,2000d,12-29-2021
377,,,LOVE,2000d,12-29-2021
378,,,XXII,2000d,12-29-2021
379,,,HEES,2000d,12-29-2021
380,,,ESTC,2000d,12-29-2021
381,,,LAD,2000d,12-29-2021
382,,,ANF,2000d,12-29-2021
383,,,ABMD,2000d,12-29-2021
384,,,LNN,2000d,12-29-2021
385,,,THO,2000d,12-29-2021
386,,,FFIV,2000d,12-29-2021
387,,,PKOH,2000d,12-29-2021
388,,,PLAB,2000d,12-29-2021
389,,,TILE,2000d,12-29-2021
390,,,MLM,2000d,12-29-2021
391,,,NOW,2000d,12-29-2021
392,,,CRSP,2000d,12-29-2021
393,,,PAYX,2000d,12-29-2021
394,,,KEX,2000d,12-29-2021
395,,,BKI,2000d,12-29-2021
396,,,HDSN,2000d,12-29-2021
397,,,CWST,2000d,12-29-2021
398,,,WTS,2000d,12-29-2021
399,,,ASGN,2000d,12-29-2021
400,,,DHI,2000d,12-29-2021
401,,,SRDX,2000d,12-29-2021
402,,,IIIV,2000d,12-29-2021
403,,,FATE,2000d,12-29-2021
404,,,NKE,2000d,12-29-2021
405,,,MDB,2000d,12-29-2021
406,,,EXEL,2000d,12-29-2021
407,,,SSNC,2000d,12-29-2021
408,,,FLGT,2000d,12-29-2021
409,,,ALRM,2000d,12-29-2021
410,,,WTRG,2000d,12-29-2021
411,,,CVGW,2000d,12-29-2021
412,,,LNT,2000d,12-29-2021
413,,,L,2000d,12-29-2021
414,,,NVST,2000d,12-29-2021
415,,,ACLS,2000d,12-29-2021
416,,,DKNG,2000d,12-29-2021
417,,,FSS,2000d,12-29-2021
418,,,RCM,2000d,12-29-2021
419,,,WERN,2000d,12-29-2021
420,,,KNX,2000d,12-29-2021
421,,,MHO,2000d,12-29-2021
422,,,KWR,2000d,12-29-2021
423,,,CERN,2000d,12-29-2021
424,,,PTCT,2000d,12-29-2021
425,,,HGV,2000d,12-29-2021
426,,,PPG,2000d,12-29-2021
427,,,CNNE,2000d,12-29-2021
428,,,MSA,2000d,12-29-2021
429,,,AVLR,2000d,12-29-2021
430,,,ACM,2000d,12-29-2021
431,,,BEAM,2000d,12-29-2021
432,,,OSPN,2000d,12-29-2021
433,,,TPIC,2000d,12-29-2021
434,,,HMHC,2000d,12-29-2021
435,,,UNP,2000d,12-29-2021
436,,,NTES,2000d,12-29-2021
437,,,YETI,2000d,12-29-2021
438,,,MTN,2000d,12-29-2021
439,,,CR,2000d,12-29-2021
440,,,RBA,2000d,12-29-2021
441,,,BDSI,2000d,12-29-2021
442,,,CVLT,2000d,12-29-2021
443,,,TXN,2000d,12-29-2021
444,,,EB,2000d,12-29-2021
445,,,IVC,2000d,12-29-2021
446,,,FHI,2000d,12-29-2021
447,,,CSGS,2000d,12-29-2021
448,,,NCR,2000d,12-29-2021
449,,,WLTW,2000d,12-29-2021
450,,,FNHC,2000d,12-29-2021
451,,,PNW,2000d,12-29-2021
452,,,RGR,2000d,12-29-2021
453,,,IMGN,2000d,12-29-2021
454,,,HOMB,2000d,12-29-2021
455,,,GIC,2000d,12-29-2021
456,,,NP,2000d,12-29-2021
457,,,TEAM,2000d,12-29-2021
458,,,ADSK,2000d,12-29-2021
459,,,CRNC,2000d,12-29-2021
460,,,HD,2000d,12-29-2021
461,,,SCI,2000d,12-29-2021
462,,,BHC,2000d,12-29-2021
463,,,VRNS,2000d,12-29-2021
464,,,TNDM,2000d,12-29-2021
465,,,UI,2000d,12-29-2021
466,,,MOH,2000d,12-29-2021
467,,,FORR,2000d,12-29-2021
468,,,RAD,2000d,12-29-2021
469,,,EXTR,2000d,12-29-2021
470,,,SCHW,2000d,12-29-2021
471,,,INGR,2000d,12-29-2021
472,,,TRU,2000d,12-29-2021
473,,,NUE,2000d,12-29-2021
474,,,CFMS,2000d,12-29-2021
475,,,ENS,2000d,12-29-2021
476,,,MMLP,2000d,12-29-2021
477,,,SSTK,2000d,12-29-2021
478,,,GGG,2000d,12-29-2021
479,,,GEOS,2000d,12-29-2021
480,,,MAIN,2000d,12-29-2021
481,,,DCI,2000d,12-29-2021
482,,,CORT,2000d,12-29-2021
483,,,VRTV,2000d,12-29-2021
484,,,SHW,2000d,12-29-2021
485,,,FSM,2000d,12-29-2021
486,,,RRC,2000d,12-29-2021
487,,,FWRD,2000d,12-29-2021
488,,,HMTV,2000d,12-29-2021
489,,,SMCI,2000d,12-29-2021
490,,,BAC,2000d,12-29-2021
491,,,VSH,2000d,12-29-2021
492,,,AMN,2000d,12-29-2021
493,,,CCMP,2000d,12-29-2021
494,,,NXPI,2000d,12-29-2021
495,,,ASAN,2000d,12-29-2021
496,,,DISCA,2000d,12-29-2021
497,,,MSI,2000d,12-29-2021
498,,,AXS,2000d,12-29-2021
499,,,EBAY,2000d,12-29-2021
500,,,EOG,2000d,12-29-2021
501,,,RACE,2000d,12-29-2021
502,,,GDOT,2000d,12-29-2021
503,,,MU,2000d,12-29-2021
504,,,BWAY,2000d,12-29-2021
505,,,LGIH,2000d,12-29-2021
506,,,ZBH,2000d,12-29-2021
507,,,CHNG,2000d,12-29-2021
508,,,NJR,2000d,12-29-2021
509,,,CNO,2000d,12-29-2021
510,,,EPD,2000d,12-29-2021
511,,,TREX,2000d,12-29-2021
512,,,GOOGL,2000d,12-29-2021
513,,,FCFS,2000d,12-29-2021
514,,,TAP,2000d,12-29-2021
515,,,MD,2000d,12-29-2021
516,,,GLYC,2000d,12-29-2021
517,,,PNTG,2000d,12-29-2021
518,,,LYV,2000d,12-29-2021
519,,,LXU,2000d,12-29-2021
520,,,MPC,2000d,12-29-2021
521,,,CLVS,2000d,12-29-2021
522,,,AIMC,2000d,12-29-2021
523,,,BRBR,2000d,12-29-2021
524,,,SLAB,2000d,12-29-2021
525,,,TUFN,2000d,12-29-2021
526,,,GTE,2000d,12-29-2021
527,,,VICR,2000d,12-29-2021
528,,,ROCK,2000d,12-29-2021
529,,,KAMN,2000d,12-29-2021
530,,,PINS,2000d,12-29-2021
531,,,BIIB,2000d,12-29-2021
532,,,MDU,2000d,12-29-2021
533,,,MSTR,2000d,12-29-2021
534,,,CHTR,2000d,12-29-2021
535,,,TISI,2000d,12-29-2021
536,,,ESI,2000d,12-29-2021
537,,,TWI,2000d,12-29-2021
538,,,FLO,2000d,12-29-2021
539,,,CCO,2000d,12-29-2021
540,,,SDC,2000d,12-29-2021
541,,,SAGE,2000d,12-29-2021
542,,,LOPE,2000d,12-29-2021
543,,,POOL,2000d,12-29-2021
544,,,IDA,2000d,12-29-2021
545,,,ARVN,2000d,12-29-2021
546,,,GRPN,2000d,12-29-2021
547,,,JMIA,2000d,12-29-2021
548,,,MTOR,2000d,12-29-2021
549,,,SCSC,2000d,12-29-2021
550,,,NOG,2000d,12-29-2021
551,,,CEQP,2000d,12-29-2021
552,,,OLLI,2000d,12-29-2021
553,,,SGMO,2000d,12-29-2021
554,,,TBNK,2000d,12-29-2021
555,,,CHS,2000d,12-29-2021
556,,,VRNT,2000d,12-29-2021
557,,,IBM,2000d,12-29-2021
558,,,MMP,2000d,12-29-2021
559,,,CL,2000d,12-29-2021
560,,,PNNT,2000d,12-29-2021
561,,,MRNA,2000d,12-29-2021
562,,,TTM,2000d,12-29-2021
563,,,SPSC,2000d,12-29-2021
564,,,HCSG,2000d,12-29-2021
565,,,NGS,2000d,12-29-2021
566,,,GMS,2000d,12-29-2021
567,,,YNDX,2000d,12-29-2021
568,,,GPS,2000d,12-29-2021
569,,,BCC,2000d,12-29-2021
570,,,ACB,2000d,12-29-2021
571,,,BSX,2000d,12-29-2021
572,,,TVTX,2000d,12-29-2021
573,,,AAN,2000d,12-29-2021
574,,,ZTS,2000d,12-29-2021
575,,,WHR,2000d,12-29-2021
576,,,ETH,2000d,12-29-2021
577,,,EZPW,2000d,12-29-2021
578,,,HLT,2000d,12-29-2021
579,,,BIG,2000d,12-29-2021
580,,,DAL,2000d,12-29-2021
581,,,CF,2000d,12-29-2021
582,,,ATUS,2000d,12-29-2021
583,,,LGND,2000d,12-29-2021
584,,,DUK,2000d,12-29-2021
585,,,APEI,2000d,12-29-2021
586,,,ASPN,2000d,12-29-2021
587,,,COO,2000d,12-29-2021
588,,,CLSK,2000d,12-29-2021
589,,,ECL,2000d,12-29-2021
590,,,WMS,2000d,12-29-2021
591,,,URI,2000d,12-29-2021
592,,,LMT,2000d,12-29-2021
593,,,BURL,2000d,12-29-2021
594,,,MOV,2000d,12-29-2021
595,,,AEO,2000d,12-29-2021
596,,,KMB,2000d,12-29-2021
597,,,LGF-A,2000d,12-29-2021
598,,,AEIS,2000d,12-29-2021
599,,,CARR,2000d,12-29-2021
600,,,STGW,2000d,12-29-2021
601,,,DTIL,2000d,12-29-2021
602,,,TGI,2000d,12-29-2021
603,,,MMM,2000d,12-29-2021
604,,,EPZM,2000d,12-29-2021
605,,,ACGL,2000d,12-29-2021
606,,,DCOM,2000d,12-29-2021
607,,,RGEN,2000d,12-29-2021
608,,,BG,2000d,12-29-2021
609,,,HVT,2000d,12-29-2021
610,,,SMG,2000d,12-29-2021
611,,,ADI,2000d,12-29-2021
612,,,MTZ,2000d,12-29-2021
613,,,DHT,2000d,12-29-2021
614,,,GLP,2000d,12-29-2021
615,,,SRCL,2000d,12-29-2021
616,,,INO,2000d,12-29-2021
617,,,PCTI,2000d,12-29-2021
618,,,DK,2000d,12-29-2021
619,,,HCA,2000d,12-29-2021
620,,,EOLS,2000d,12-29-2021
621,,,JCI,2000d,12-29-2021
622,,,HON,2000d,12-29-2021
623,,,SNPS,2000d,12-29-2021
624,,,JW-A,2000d,12-29-2021
625,,,ITRI,2000d,12-29-2021
626,,,OTIS,2000d,12-29-2021
627,,,HHC,2000d,12-29-2021
628,,,TBI,2000d,12-29-2021
629,,,CLW,2000d,12-29-2021
630,,,WAT,2000d,12-29-2021
631,,,NMR,2000d,12-29-2021
632,,,CUTR,2000d,12-29-2021
633,,,BGFV,2000d,12-29-2021
634,,,IDXX,2000d,12-29-2021
635,,,LII,2000d,12-29-2021
636,,,AEP,2000d,12-29-2021
637,,,MTRN,2000d,12-29-2021
638,,,EVH,2000d,12-29-2021
639,,,ASND,2000d,12-29-2021
640,,,GO,2000d,12-29-2021
641,,,VOYA,2000d,12-29-2021
642,,,JBL,2000d,12-29-2021
643,,,HQY,2000d,12-29-2021
644,,,UAN,2000d,12-29-2021
645,,,CMRX,2000d,12-29-2021
646,,,APA,2000d,12-29-2021
647,,,ON,2000d,12-29-2021
648,,,ULTA,2000d,12-29-2021
649,,,ARNA,2000d,12-29-2021
650,,,MDWD,2000d,12-29-2021
651,,,BKH,2000d,12-29-2021
652,,,TAK,2000d,12-29-2021
653,,,QLYS,2000d,12-29-2021
654,,,AXAS,2000d,12-29-2021
655,,,DORM,2000d,12-29-2021
656,,,CX,2000d,12-29-2021
657,,,BKD,2000d,12-29-2021
658,,,API,2000d,12-29-2021
659,,,PAGP,2000d,12-29-2021
660,,,FAST,2000d,12-29-2021
661,,,PYPL,2000d,12-29-2021
662,,,EGRX,2000d,12-29-2021
663,,,MIME,2000d,12-29-2021
664,,,SOHU,2000d,12-29-2021
665,,,TMST,2000d,12-29-2021
666,,,UFCS,2000d,12-29-2021
667,,,EXC,2000d,12-29-2021
668,,,LANC,2000d,12-29-2021
669,,,ATR,2000d,12-29-2021
670,,,CTAS,2000d,12-29-2021
671,,,CMS,2000d,12-29-2021
672,,,ROKU,2000d,12-29-2021
673,,,PRA,2000d,12-29-2021
674,,,STLA,2000d,12-29-2021
675,,,FTNT,2000d,12-29-2021
676,,,WES,2000d,12-29-2021
677,,,W,2000d,12-29-2021
678,,,SKX,2000d,12-29-2021
679,,,PWR,2000d,12-29-2021
680,,,PTC,2000d,12-29-2021
681,,,COF,2000d,12-29-2021
682,,,AMG,2000d,12-29-2021
683,,,ENB,2000d,12-29-2021
684,,,IEX,2000d,12-29-2021
685,,,CIVI,2000d,12-29-2021
686,,,MMSI,2000d,12-29-2021
687,,,MEI,2000d,12-29-2021
688,,,USNA,2000d,12-29-2021
689,,,APH,2000d,12-29-2021
690,,,MEDP,2000d,12-29-2021
691,,,STFC,2000d,12-29-2021
692,,,ODP,2000d,12-29-2021
693,,,FRGI,2000d,12-29-2021
694,,,INFN,2000d,12-29-2021
695,,,NAT,2000d,12-29-2021
696,,,GEF,2000d,12-29-2021
697,,,DLB,2000d,12-29-2021
698,,,RJF,2000d,12-29-2021
699,,,EQT,2000d,12-29-2021
700,,,PETS,2000d,12-29-2021
701,,,AXTA,2000d,12-29-2021
702,,,GLW,2000d,12-29-2021
703,,,ZBRA,2000d,12-29-2021
704,,,DE,2000d,12-29-2021
705,,,CSGP,2000d,12-29-2021
706,,,RCL,2000d,12-29-2021
707,,,TGP,2000d,12-29-2021
708,,,DOMO,2000d,12-29-2021
709,,,MWA,2000d,12-29-2021
710,,,QRVO,2000d,12-29-2021
711,,,SAH,2000d,12-29-2021
712,,,EDU,2000d,12-29-2021
713,,,STM,2000d,12-29-2021
714,,,AERI,2000d,12-29-2021
715,,,SEM,2000d,12-29-2021
716,,,CRY,2000d,12-29-2021
717,,,NUVA,2000d,12-29-2021
718,,,OMC,2000d,12-29-2021
719,,,GTN,2000d,12-29-2021
720,,,HSC,2000d,12-29-2021
721,,,MELI,2000d,12-29-2021
722,,,CSV,2000d,12-29-2021
723,,,OLN,2000d,12-29-2021
724,,,GME,2000d,12-29-2021
725,,,DXPE,2000d,12-29-2021
726,,,PUMP,2000d,12-29-2021
727,,,RDUS,2000d,12-29-2021
728,,,KIRK,2000d,12-29-2021
729,,,UNH,2000d,12-29-2021
730,,,CRBP,2000d,12-29-2021
731,,,ESE,2000d,12-29-2021
732,,,BLI,2000d,12-29-2021
733,,,CTRN,2000d,12-29-2021
734,,,TMO,2000d,12-29-2021
735,,,EW,2000d,12-29-2021
736,,,EVER,2000d,12-29-2021
737,,,DELL,2000d,12-29-2021
738,,,SCVL,2000d,12-29-2021
739,,,SREV,2000d,12-29-2021
740,,,TPH,2000d,12-29-2021
741,,,CAPR,2000d,12-29-2021
742,,,ZGNX,2000d,12-29-2021
743,,,FIS,2000d,12-29-2021
744,,,WDAY,2000d,12-29-2021
745,,,NSIT,2000d,12-29-2021
746,,,KRA,2000d,12-29-2021
747,,,GOLD,2000d,12-29-2021
748,,,MATW,2000d,12-29-2021
749,,,VSTM,2000d,12-29-2021
750,,,DOOO,2000d,12-29-2021
751,,,GLBE,2000d,12-29-2021
752,,,T,2000d,12-29-2021
753,,,SPXC,2000d,12-29-2021
754,,,BKR,2000d,12-29-2021
755,,,CLFD,2000d,12-29-2021
756,,,GTES,2000d,12-29-2021
757,,,CNK,2000d,12-29-2021
758,,,ZVO,2000d,12-29-2021
759,,,MGNI,2000d,12-29-2021
760,,,NUS,2000d,12-29-2021
761,,,SU,2000d,12-29-2021
762,,,AMRX,2000d,12-29-2021
763,,,CW,2000d,12-29-2021
764,,,XYL,2000d,12-29-2021
765,,,BV,2000d,12-29-2021
766,,,LMND,2000d,12-29-2021
767,,,UNVR,2000d,12-29-2021
768,,,ROG,2000d,12-29-2021
769,,,CRTO,2000d,12-29-2021
770,,,SPNS,2000d,12-29-2021
771,,,ELAN,2000d,12-29-2021
772,,,SE,2000d,12-29-2021
773,,,AMZN,2000d,12-29-2021
774,,,FROG,2000d,12-29-2021
775,,,RLI,2000d,12-29-2021
776,,,PFGC,2000d,12-29-2021
777,,,SCHN,2000d,12-29-2021
778,,,RRR,2000d,12-29-2021
779,,,ENPH,2000d,12-29-2021
780,,,CS,2000d,12-29-2021
781,,,GLDD,2000d,12-29-2021
782,,,SEAS,2000d,12-29-2021
783,,,PETQ,2000d,12-29-2021
784,,,PSXP,2000d,12-29-2021
785,,,SPOT,2000d,12-29-2021
786,,,QUAD,2000d,12-29-2021
787,,,MSCI,2000d,12-29-2021
788,,,VFC,2000d,12-29-2021
789,,,RYI,2000d,12-29-2021
790,,,TRS,2000d,12-29-2021
791,,,TMUS,2000d,12-29-2021
792,,,NWE,2000d,12-29-2021
793,,,ZS,2000d,12-29-2021
794,,,CBRE,2000d,12-29-2021
795,,,CVCO,2000d,12-29-2021
796,,,KMPR,2000d,12-29-2021
797,,,JKS,2000d,12-29-2021
798,,,CHWY,2000d,12-29-2021
799,,,WEC,2000d,12-29-2021
800,,,TRV,2000d,12-29-2021
801,,,SEDG,2000d,12-29-2021
802,,,STNE,2000d,12-29-2021
803,,,BBSI,2000d,12-29-2021
804,,,GSHD,2000d,12-29-2021
805,,,HALO,2000d,12-29-2021
806,,,MPLX,2000d,12-29-2021
807,,,WOR,2000d,12-29-2021
808,,,AGO,2000d,12-29-2021
809,,,ICLR,2000d,12-29-2021
810,,,UEIC,2000d,12-29-2021
811,,,MDC,2000d,12-29-2021
812,,,VTVT,2000d,12-29-2021
813,,,MRC,2000d,12-29-2021
814,,,AA,2000d,12-29-2021
815,,,WNC,2000d,12-29-2021
816,,,ES,2000d,12-29-2021
817,,,CCS,2000d,12-29-2021
818,,,JBT,2000d,12-29-2021
819,,,INGN,2000d,12-29-2021
820,,,IART,2000d,12-29-2021
821,,,ACRX,2000d,12-29-2021
822,,,VNDA,2000d,12-29-2021
823,,,KRUS,2000d,12-29-2021
824,,,SHOP,2000d,12-29-2021
825,,,ZIOP,2000d,12-29-2021
826,,,FNV,2000d,12-29-2021
827,,,INVA,2000d,12-29-2021
828,,,AAPL,2000d,12-29-2021
829,,,OPCH,2000d,12-29-2021
830,,,ICHR,2000d,12-29-2021
831,,,FET,2000d,12-29-2021
832,,,SNBR,2000d,12-29-2021
833,,,SOFI,2000d,12-29-2021
834,,,PKG,2000d,12-29-2021
835,,,JAKK,2000d,12-29-2021
836,,,LYB,2000d,12-29-2021
837,,,VIAC,2000d,12-29-2021
838,,,MED,2000d,12-29-2021
839,,,CENX,2000d,12-29-2021
840,,,JBSS,2000d,12-29-2021
841,,,BOX,2000d,12-29-2021
842,,,PACB,2000d,12-29-2021
843,,,NVS,2000d,12-29-2021
844,,,AXL,2000d,12-29-2021
845,,,OC,2000d,12-29-2021
846,,,AON,2000d,12-29-2021
847,,,CTS,2000d,12-29-2021
848,,,SSTI,2000d,12-29-2021
849,,,KMI,2000d,12-29-2021
850,,,TOUR,2000d,12-29-2021
851,,,CHDN,2000d,12-29-2021
852,,,HCKT,2000d,12-29-2021
853,,,YEXT,2000d,12-29-2021
854,,,OSTK,2000d,12-29-2021
855,,,EURN,2000d,12-29-2021
856,,,WMG,2000d,12-29-2021
857,,,EXPD,2000d,12-29-2021
858,,,MYOV,2000d,12-29-2021
859,,,TALO,2000d,12-29-2021
860,,,FOXA,2000d,12-29-2021
861,,,AAIC,2000d,12-29-2021
862,,,TCOM,2000d,12-29-2021
863,,,DFS,2000d,12-29-2021
864,,,AAOI,2000d,12-29-2021
865,,,INSM,2000d,12-29-2021
866,,,INCY,2000d,12-29-2021
867,,,MGA,2000d,12-29-2021
868,,,PNM,2000d,12-29-2021
869,,,TSEM,2000d,12-29-2021
870,,,BEP,2000d,12-29-2021
871,,,TNC,2000d,12-29-2021
872,,,BYND,2000d,12-29-2021
873,,,VC,2000d,12-29-2021
874,,,SYNH,2000d,12-29-2021
875,,,AMCX,2000d,12-29-2021
876,,,NGD,2000d,12-29-2021
877,,,AJRD,2000d,12-29-2021
878,,,LUMN,2000d,12-29-2021
879,,,WWD,2000d,12-29-2021
880,,,ALLK,2000d,12-29-2021
881,,,IR,2000d,12-29-2021
882,,,ALV,2000d,12-29-2021
883,,,VRM,2000d,12-29-2021
884,,,CDK,2000d,12-29-2021
885,,,CVLG,2000d,12-29-2021
886,,,JOBS,2000d,12-29-2021
887,,,GM,2000d,12-29-2021
888,,,BJ,2000d,12-29-2021
889,,,TMX,2000d,12-29-2021
890,,,RVNC,2000d,12-29-2021
891,,,IMKTA,2000d,12-29-2021
892,,,PGNY,2000d,12-29-2021
893,,,PEGA,2000d,12-29-2021
894,,,CPRI,2000d,12-29-2021
895,,,THS,2000d,12-29-2021
896,,,LFUS,2000d,12-29-2021
897,,,SNY,2000d,12-29-2021
898,,,DRI,2000d,12-29-2021
899,,,SGRY,2000d,12-29-2021
900,,,IAC,2000d,12-29-2021
901,,,WWE,2000d,12-29-2021
902,,,IMO,2000d,12-29-2021
903,,,YUMC,2000d,12-29-2021
904,,,COP,2000d,12-29-2021
905,,,BA,2000d,12-29-2021
906,,,SPWR,2000d,12-29-2021
907,,,WATT,2000d,12-29-2021
908,,,HURN,2000d,12-29-2021
909,,,BKE,2000d,12-29-2021
910,,,DHX,2000d,12-29-2021
911,,,SFE,2000d,12-29-2021
912,,,IQ,2000d,12-29-2021
913,,,FRO,2000d,12-29-2021
914,,,GSM,2000d,12-29-2021
915,,,MORN,2000d,12-29-2021
916,,,ALTO,2000d,12-29-2021
917,,,WMB,2000d,12-29-2021
918,,,ORN,2000d,12-29-2021
919,,,SWK,2000d,12-29-2021
920,,,HELE,2000d,12-29-2021
921,,,WBT,2000d,12-29-2021
922,,,AEM,2000d,12-29-2021
923,,,HUBS,2000d,12-29-2021
924,,,IIVI,2000d,12-29-2021
925,,,PXD,2000d,12-29-2021
926,,,EEFT,2000d,12-29-2021
927,,,GNTX,2000d,12-29-2021
928,,,INFY,2000d,12-29-2021
929,,,SWM,2000d,12-29-2021
930,,,AIN,2000d,12-29-2021
931,,,FRTA,2000d,12-29-2021
932,,,REGI,2000d,12-29-2021
933,,,PCTY,2000d,12-29-2021
934,,,AAON,2000d,12-29-2021
935,,,NTRS,2000d,12-29-2021
936,,,FDX,2000d,12-29-2021
937,,,MCD,2000d,12-29-2021
938,,,ATNI,2000d,12-29-2021
939,,,GSKY,2000d,12-29-2021
940,,,RGS,2000d,12-29-2021
941,,,TXRH,2000d,12-29-2021
942,,,RCII,2000d,12-29-2021
943,,,EVOP,2000d,12-29-2021
944,,,A,2000d,12-29-2021
945,,,AZN,2000d,12-29-2021
946,,,JKHY,2000d,12-29-2021
947,,,SITM,2000d,12-29-2021
948,,,VMC,2000d,12-29-2021
949,,,ORA,2000d,12-29-2021
950,,,CCRN,2000d,12-29-2021
951,,,SMTC,2000d,12-29-2021
952,,,KDNY,2000d,12-29-2021
953,,,PGEN,2000d,12-29-2021
954,,,EQIX,2000d,12-29-2021
955,,,HUN,2000d,12-29-2021
956,,,WBA,2000d,12-29-2021
957,,,AKAM,2000d,12-29-2021
958,,,KELYA,2000d,12-29-2021
959,,,SCCO,2000d,12-29-2021
960,,,ANET,2000d,12-29-2021
961,,,LPSN,2000d,12-29-2021
962,,,RMTI,2000d,12-29-2021
963,,,SPT,2000d,12-29-2021
964,,,SWX,2000d,12-29-2021
965,,,ATI,2000d,12-29-2021
966,,,APOG,2000d,12-29-2021
967,,,FND,2000d,12-29-2021
968,,,UPST,2000d,12-29-2021
969,,,U,2000d,12-29-2021
970,,,NLOK,2000d,12-29-2021
971,,,RM,2000d,12-29-2021
972,,,MCRI,2000d,12-29-2021
973,,,CWCO,2000d,12-29-2021
974,,,UIHC,2000d,12-29-2021
975,,,BJRI,2000d,12-29-2021
976,,,EQH,2000d,12-29-2021
977,,,TROX,2000d,12-29-2021
978,,,VUZI,2000d,12-29-2021
979,,,IONS,2000d,12-29-2021
980,,,WM,2000d,12-29-2021
981,,,LLY,2000d,12-29-2021
982,,,PAYC,2000d,12-29-2021
983,,,WSO,2000d,12-29-2021
984,,,ASPS,2000d,12-29-2021
985,,,CPSI,2000d,12-29-2021
986,,,ENTA,2000d,12-29-2021
987,,,IRBT,2000d,12-29-2021
988,,,ASRT,2000d,12-29-2021
989,,,PTRA,2000d,12-29-2021
990,,,STNG,2000d,12-29-2021
991,,,NVO,2000d,12-29-2021
992,,,PRTA,2000d,12-29-2021
993,,,TTMI,2000d,12-29-2021
994,,,AOS,2000d,12-29-2021
995,,,ROLL,2000d,12-29-2021
996,,,OTEX,2000d,12-29-2021
997,,,CNSL,2000d,12-29-2021
998,,,FISV,2000d,12-29-2021
999,,,CFG,2000d,12-29-2021
1000,,,CNP,2000d,12-29-2021
1001,,,SIX,2000d,12-29-2021
1002,,,CARA,2000d,12-29-2021
1003,,,COOP,2000d,12-29-2021
1004,,,PBF,2000d,12-29-2021
1005,,,BDX,2000d,12-29-2021
1006,,,OKTA,2000d,12-29-2021
1007,,,AGEN,2000d,12-29-2021
1008,,,LPLA,2000d,12-29-2021
1009,,,NBIX,2000d,12-29-2021
1010,,,HEXO,2000d,12-29-2021
1011,,,LASR,2000d,12-29-2021
1012,,,AWI,2000d,12-29-2021
1013,,,BIP,2000d,12-29-2021
1014,,,MANU,2000d,12-29-2021
1015,,,CMA,2000d,12-29-2021
1016,,,TSM,2000d,12-29-2021
1017,,,CNC,2000d,12-29-2021
1018,,,APTV,2000d,12-29-2021
1019,,,MDRX,2000d,12-29-2021
1020,,,DQ,2000d,12-29-2021
1021,,,GEL,2000d,12-29-2021
1022,,,ZIXI,2000d,12-29-2021
1023,,,GCO,2000d,12-29-2021
1024,,,APP,2000d,12-29-2021
1025,,,QTWO,2000d,12-29-2021
1026,,,NMIH,2000d,12-29-2021
1027,,,CLF,2000d,12-29-2021
1028,,,TTC,2000d,12-29-2021
1029,,,MXL,2000d,12-29-2021
1030,,,CERS,2000d,12-29-2021
1031,,,ZUMZ,2000d,12-29-2021
1032,,,CDAY,2000d,12-29-2021
1033,,,SYF,2000d,12-29-2021
1034,,,BILL,2000d,12-29-2021
1035,,,WRLD,2000d,12-29-2021
1036,,,ESNT,2000d,12-29-2021
1037,,,UBER,2000d,12-29-2021
1038,,,AWR,2000d,12-29-2021
1039,,,USPH,2000d,12-29-2021
1040,,,ALE,2000d,12-29-2021
1041,,,CODI,2000d,12-29-2021
1042,,,ALK,2000d,12-29-2021
1043,,,AMRC,2000d,12-29-2021
1044,,,LOCO,2000d,12-29-2021
1045,,,BYD,2000d,12-29-2021
1046,,,MO,2000d,12-29-2021
1047,,,BILI,2000d,12-29-2021
1048,,,OCN,2000d,12-29-2021
1049,,,AMP,2000d,12-29-2021
1050,,,PRO,2000d,12-29-2021
1051,,,TEL,2000d,12-29-2021
1052,,,ADBE,2000d,12-29-2021
1053,,,AMOT,2000d,12-29-2021
1054,,,PSMT,2000d,12-29-2021
1055,,,LXRX,2000d,12-29-2021
1056,,,CPRT,2000d,12-29-2021
1057,,,MEOH,2000d,12-29-2021
1058,,,EPAM,2000d,12-29-2021
1059,,,VNET,2000d,12-29-2021
1060,,,MHK,2000d,12-29-2021
1061,,,TCS,2000d,12-29-2021
1062,,,AWK,2000d,12-29-2021
1063,,,VEEV,2000d,12-29-2021
1064,,,ERIC,2000d,12-29-2021
1065,,,OMCL,2000d,12-29-2021
1066,,,CARS,2000d,12-29-2021
1067,,,SWBI,2000d,12-29-2021
1068,,,PVH,2000d,12-29-2021
1069,,,F,2000d,12-29-2021
1070,,,BBY,2000d,12-29-2021
1071,,,RPAY,2000d,12-29-2021
1072,,,HRB,2000d,12-29-2021
1073,,,DOX,2000d,12-29-2021
1074,,,CHCO,2000d,12-29-2021
1075,,,ZD,2000d,12-29-2021
1076,,,MNRO,2000d,12-29-2021
1077,,,NCMI,2000d,12-29-2021
1078,,,PTON,2000d,12-29-2021
1079,,,LULU,2000d,12-29-2021
1080,,,NEU,2000d,12-29-2021
1081,,,TTI,2000d,12-29-2021
1082,,,RNG,2000d,12-29-2021
1083,,,ASIX,2000d,12-29-2021
1084,,,RYAM,2000d,12-29-2021
1085,,,TG,2000d,12-29-2021
1086,,,ARWR,2000d,12-29-2021
1087,,,WSM,2000d,12-29-2021
1088,,,CALX,2000d,12-29-2021
1089,,,SKLZ,2000d,12-29-2021
1090,,,CQP,2000d,12-29-2021
1091,,,BBW,2000d,12-29-2021
1092,,,EAT,2000d,12-29-2021
1093,,,MLAB,2000d,12-29-2021
1094,,,WD,2000d,12-29-2021
1095,,,ARDX,2000d,12-29-2021
1096,,,NM,2000d,12-29-2021
1097,,,ABNB,2000d,12-29-2021
1098,,,TTWO,2000d,12-29-2021
1099,,,CSII,2000d,12-29-2021
1100,,,LEN,2000d,12-29-2021
1101,,,HRL,2000d,12-29-2021
1102,,,SIMO,2000d,12-29-2021
1103,,,XPO,2000d,12-29-2021
1104,,,SSSS,2000d,12-29-2021
1105,,,CPB,2000d,12-29-2021
1106,,,GDDY,2000d,12-29-2021
1107,,,LJPC,2000d,12-29-2021
1108,,,DAR,2000d,12-29-2021
1109,,,GPRE,2000d,12-29-2021
1110,,,KR,2000d,12-29-2021
1111,,,CE,2000d,12-29-2021
1112,,,NEX,2000d,12-29-2021
1113,,,DTE,2000d,12-29-2021
1114,,,BNTX,2000d,12-29-2021
1115,,,ATSG,2000d,12-29-2021
1116,,,PING,2000d,12-29-2021
1117,,,JAZZ,2000d,12-29-2021
1118,,,DDOG,2000d,12-29-2021
1119,,,MET,2000d,12-29-2021
1120,,,FLDM,2000d,12-29-2021
1121,,,BRKR,2000d,12-29-2021
1122,,,DAVA,2000d,12-29-2021
1123,,,NAVI,2000d,12-29-2021
1124,,,SCL,2000d,12-29-2021
1125,,,PBPB,2000d,12-29-2021
1126,,,ESLT,2000d,12-29-2021
1127,,,BK,2000d,12-29-2021
1128,,,SWAV,2000d,12-29-2021
1129,,,BLKB,2000d,12-29-2021
1130,,,GNRC,2000d,12-29-2021
1131,,,XPRO,2000d,12-29-2021
1132,,,AZO,2000d,12-29-2021
1133,,,TDS,2000d,12-29-2021
1134,,,GOGO,2000d,12-29-2021
1135,,,BLD,2000d,12-29-2021
1136,,,GRMN,2000d,12-29-2021
1137,,,OOMA,2000d,12-29-2021
1138,,,AME,2000d,12-29-2021
1139,,,ADS,2000d,12-29-2021
1140,,,SGMS,2000d,12-29-2021
1141,,,CHPT,2000d,12-29-2021
1142,,,AL,2000d,12-29-2021
1143,,,EPAC,2000d,12-29-2021
1144,,,MNDT,2000d,12-29-2021
1145,,,SMP,2000d,12-29-2021
1146,,,TNL,2000d,12-29-2021
1147,,,SANM,2000d,12-29-2021
1148,,,ARLP,2000d,12-29-2021
1149,,,MIDD,2000d,12-29-2021
1150,,,KAI,2000d,12-29-2021
1151,,,HTLD,2000d,12-29-2021
1152,,,MG,2000d,12-29-2021
1153,,,LEVI,2000d,12-29-2021
1154,,,QS,2000d,12-29-2021
1155,,,NGVT,2000d,12-29-2021
1156,,,PPL,2000d,12-29-2021
1157,,,FARM,2000d,12-29-2021
1158,,,CHEF,2000d,12-29-2021
1159,,,SFL,2000d,12-29-2021
1160,,,TWOU,2000d,12-29-2021
1161,,,YELL,2000d,12-29-2021
1162,,,MPAA,2000d,12-29-2021
1163,,,STBA,2000d,12-29-2021
1164,,,EBS,2000d,12-29-2021
1165,,,NPO,2000d,12-29-2021
1166,,,INSP,2000d,12-29-2021
1167,,,VRA,2000d,12-29-2021
1168,,,STON,2000d,12-29-2021
1169,,,JOUT,2000d,12-29-2021
1170,,,CC,2000d,12-29-2021
1171,,,SPPI,2000d,12-29-2021
1172,,,JHG,2000d,12-29-2021
1173,,,CCK,2000d,12-29-2021
1174,,,IBP,2000d,12-29-2021
1175,,,TDC,2000d,12-29-2021
1176,,,TUP,2000d,12-29-2021
1177,,,CB,2000d,12-29-2021
1178,,,RPRX,2000d,12-29-2021
1179,,,LRN,2000d,12-29-2021
1180,,,NVAX,2000d,12-29-2021
1181,,,CCJ,2000d,12-29-2021
1182,,,CBRL,2000d,12-29-2021
1183,,,TXT,2000d,12-29-2021
1184,,,NR,2000d,12-29-2021
1185,,,NVR,2000d,12-29-2021
1186,,,HIMX,2000d,12-29-2021
1187,,,UNFI,2000d,12-29-2021
1188,,,NTNX,2000d,12-29-2021
1189,,,ILMN,2000d,12-29-2021
1190,,,OSK,2000d,12-29-2021
1191,,,VG,2000d,12-29-2021
1192,,,ARMK,2000d,12-29-2021
1193,,,D,2000d,12-29-2021
1194,,,ENSG,2000d,12-29-2021
1195,,,MCFT,2000d,12-29-2021
1196,,,WEX,2000d,12-29-2021
1197,,,MOMO,2000d,12-29-2021
1198,,,SJM,2000d,12-29-2021
1199,,,WYNN,2000d,12-29-2021
1200,,,VVI,2000d,12-29-2021
1201,,,RES,2000d,12-29-2021
1202,,,CLX,2000d,12-29-2021
1203,,,GSS,2000d,12-29-2021
1204,,,ATEN,2000d,12-29-2021
1205,,,TAST,2000d,12-29-2021
1206,,,AVD,2000d,12-29-2021
1207,,,ITT,2000d,12-29-2021
1208,,,CLH,2000d,12-29-2021
1209,,,CNHI,2000d,12-29-2021
1210,,,RBLX,2000d,12-29-2021
1211,,,FLOW,2000d,12-29-2021
1212,,,AMGN,2000d,12-29-2021
1213,,,TSE,2000d,12-29-2021
1214,,,ENDP,2000d,12-29-2021
1215,,,DECK,2000d,12-29-2021
1216,,,HRTG,2000d,12-29-2021
1217,,,EVBG,2000d,12-29-2021
1218,,,NXGN,2000d,12-29-2021
1219,,,EXP,2000d,12-29-2021
1220,,,LMAT,2000d,12-29-2021
1221,,,NVMI,2000d,12-29-2021
1222,,,DIOD,2000d,12-29-2021
1223,,,BNFT,2000d,12-29-2021
1224,,,TECH,2000d,12-29-2021
1225,,,ACIW,2000d,12-29-2021
1226,,,ACTG,2000d,12-29-2021
1227,,,IVAC,2000d,12-29-2021
1228,,,GPC,2000d,12-29-2021
1229,,,AVNT,2000d,12-29-2021
1230,,,MMI,2000d,12-29-2021
1231,,,ED,2000d,12-29-2021
1232,,,AOSL,2000d,12-29-2021
1233,,,H,2000d,12-29-2021
1234,,,ETN,2000d,12-29-2021
1235,,,GOLF,2000d,12-29-2021
1236,,,GS,2000d,12-29-2021
1237,,,MGRC,2000d,12-29-2021
1238,,,PHM,2000d,12-29-2021
1239,,,MRVI,2000d,12-29-2021
1240,,,ALGN,2000d,12-29-2021
1241,,,ECPG,2000d,12-29-2021
1242,,,ATRC,2000d,12-29-2021
1243,,,HNI,2000d,12-29-2021
1244,,,EXPR,2000d,12-29-2021
1245,,,CFLT,2000d,12-29-2021
1246,,,LEA,2000d,12-29-2021
1247,,,UPS,2000d,12-29-2021
1248,,,BWXT,2000d,12-29-2021
1249,,,AER,2000d,12-29-2021
1250,,,ESCA,2000d,12-29-2021
1251,,,HBAN,2000d,12-29-2021
1252,,,CLDX,2000d,12-29-2021
1253,,,MNST,2000d,12-29-2021
1254,,,HTHT,2000d,12-29-2021
1255,,,TNET,2000d,12-29-2021
1256,,,KAR,2000d,12-29-2021
1257,,,GBT,2000d,12-29-2021
1258,,,TTGT,2000d,12-29-2021
1259,,,TPX,2000d,12-29-2021
1260,,,LIVN,2000d,12-29-2021
1261,,,RARE,2000d,12-29-2021
1262,,,OGS,2000d,12-29-2021
1263,,,MRTX,2000d,12-29-2021
1264,,,LRCX,2000d,12-29-2021
1265,,,CMTL,2000d,12-29-2021
1266,,,RRX,2000d,12-29-2021
1267,,,ANDE,2000d,12-29-2021
1268,,,CAR,2000d,12-29-2021
1269,,,EL,2000d,12-29-2021
1270,,,CWT,2000d,12-29-2021
1271,,,THG,2000d,12-29-2021
1272,,,CRS,2000d,12-29-2021
1273,,,FMS,2000d,12-29-2021
1274,,,COHR,2000d,12-29-2021
1275,,,XENT,2000d,12-29-2021
1276,,,ACOR,2000d,12-29-2021
1277,,,AMCR,2000d,12-29-2021
1278,,,SLM,2000d,12-29-2021
1279,,,VMI,2000d,12-29-2021
1280,,,TLRY,2000d,12-29-2021
1281,,,LDOS,2000d,12-29-2021
1282,,,TJX,2000d,12-29-2021
1283,,,ADTN,2000d,12-29-2021
1284,,,HUYA,2000d,12-29-2021
1285,,,SEIC,2000d,12-29-2021
1286,,,SWN,2000d,12-29-2021
1287,,,LPI,2000d,12-29-2021
1288,,,UCTT,2000d,12-29-2021
1289,,,KPTI,2000d,12-29-2021
1290,,,MPX,2000d,12-29-2021
1291,,,STN,2000d,12-29-2021
1292,,,CLS,2000d,12-29-2021
1293,,,PH,2000d,12-29-2021
1294,,,M,2000d,12-29-2021
1295,,,IPGP,2000d,12-29-2021
1296,,,SPTN,2000d,12-29-2021
1297,,,NFLX,2000d,12-29-2021
1298,,,HAYN,2000d,12-29-2021
1299,,,PEP,2000d,12-29-2021
1300,,,BLL,2000d,12-29-2021
1301,,,CAE,2000d,12-29-2021
1302,,,PDCE,2000d,12-29-2021
1303,,,DG,2000d,12-29-2021
1304,,,MSFT,2000d,12-29-2021
1305,,,AMRN,2000d,12-29-2021
1306,,,LOGI,2000d,12-29-2021
1307,,,FTCH,2000d,12-29-2021
1308,,,RTX,2000d,12-29-2021
1309,,,FOCS,2000d,12-29-2021
1310,,,CEVA,2000d,12-29-2021
1311,,,LPX,2000d,12-29-2021
1312,,,SLRX,2000d,12-29-2021
1313,,,BCE,2000d,12-29-2021
1314,,,DHR,2000d,12-29-2021
1315,,,SSD,2000d,12-29-2021
1316,,,POWI,2000d,12-29-2021
1317,,,HUM,2000d,12-29-2021
1318,,,SUP,2000d,12-29-2021
1319,,,HFC,2000d,12-29-2021
1320,,,VRTX,2000d,12-29-2021
1321,,,TBPH,2000d,12-29-2021
1322,,,TOL,2000d,12-29-2021
1323,,,GD,2000d,12-29-2021
1324,,,SPLK,2000d,12-29-2021
1325,,,OKE,2000d,12-29-2021
1326,,,BR,2000d,12-29-2021
1327,,,OII,2000d,12-29-2021
1328,,,KHC,2000d,12-29-2021
1329,,,TENB,2000d,12-29-2021
1330,,,SITE,2000d,12-29-2021
1331,,,WDC,2000d,12-29-2021
1332,,,CASY,2000d,12-29-2021
1333,,,CPE,2000d,12-29-2021
1334,,,CARG,2000d,12-29-2021
1335,,,SBH,2000d,12-29-2021
1336,,,RMD,2000d,12-29-2021
1337,,,JPM,2000d,12-29-2021
1338,,,PDFS,2000d,12-29-2021
1339,,,SNEX,2000d,12-29-2021
1340,,,XOM,2000d,12-29-2021
1341,,,DVN,2000d,12-29-2021
1342,,,EMN,2000d,12-29-2021
1343,,,SAND,2000d,12-29-2021
1344,,,CENT,2000d,12-29-2021
1345,,,AAWW,2000d,12-29-2021
1346,,,SONY,2000d,12-29-2021
1347,,,HOV,2000d,12-29-2021
1348,,,KL,2000d,12-29-2021
1349,,,ZM,2000d,12-29-2021
1350,,,CFX,2000d,12-29-2021
1351,,,PRFT,2000d,12-29-2021
1352,,,FUN,2000d,12-29-2021
1353,,,ROK,2000d,12-29-2021
1354,,,FB,2000d,12-29-2021
1355,,,LSCC,2000d,12-29-2021
1356,,,IP,2000d,12-29-2021
1357,,,FDS,2000d,12-29-2021
1358,,,JNJ,2000d,12-29-2021
1359,,,GBX,2000d,12-29-2021
1360,,,UTL,2000d,12-29-2021
1361,,,SFM,2000d,12-29-2021
1362,,,GTS,2000d,12-29-2021
1363,,,BMI,2000d,12-29-2021
1364,,,COHU,2000d,12-29-2021
1365,,,NOC,2000d,12-29-2021
1366,,,LZB,2000d,12-29-2021
1367,,,LHX,2000d,12-29-2021
1368,,,ADP,2000d,12-29-2021
1369,,,AUDC,2000d,12-29-2021
1370,,,CHH,2000d,12-29-2021
1371,,,JNPR,2000d,12-29-2021
1372,,,ATHM,2000d,12-29-2021
1373,,,ISRG,2000d,12-29-2021
1374,,,JBHT,2000d,12-29-2021
1375,,,K,2000d,12-29-2021
1376,,,DCP,2000d,12-29-2021
1377,,,ZNGA,2000d,12-29-2021
1378,,,DT,2000d,12-29-2021
1379,,,NLSN,2000d,12-29-2021
1380,,,AMRK,2000d,12-29-2021
1381,,,IVZ,2000d,12-29-2021
1382,,,GFF,2000d,12-29-2021
1383,,,PG,2000d,12-29-2021
1384,,,VZ,2000d,12-29-2021
1385,,,TSN,2000d,12-29-2021
1386,,,CHGG,2000d,12-29-2021
1387,,,HSII,2000d,12-29-2021
1388,,,TMHC,2000d,12-29-2021
1389,,,KALU,2000d,12-29-2021
1390,,,CHD,2000d,12-29-2021
1391,,,CBOE,2000d,12-29-2021
1392,,,ECOM,2000d,12-29-2021
1393,,,COLM,2000d,12-29-2021
1394,,,MESA,2000d,12-29-2021
1395,,,THR,2000d,12-29-2021
1396,,,REGN,2000d,12-29-2021
1397,,,JJSF,2000d,12-29-2021
1398,,,SBGI,2000d,12-29-2021
1399,,,EVR,2000d,12-29-2021
1400,,,XEL,2000d,12-29-2021
1401,,,B,2000d,12-29-2021
1402,,,HEP,2000d,12-29-2021
1403,,,GLT,2000d,12-29-2021
1404,,,DNOW,2000d,12-29-2021
1405,,,NPTN,2000d,12-29-2021
1406,,,QTNT,2000d,12-29-2021
1407,,,PFSI,2000d,12-29-2021
1408,,,SRI,2000d,12-29-2021
1409,,,NGL,2000d,12-29-2021
1410,,,MGPI,2000d,12-29-2021
1411,,,PRGO,2000d,12-29-2021
1412,,,GNW,2000d,12-29-2021
1413,,,HUBB,2000d,12-29-2021
1414,,,IRTC,2000d,12-29-2021
1415,,,ADNT,2000d,12-29-2021
1416,,,SBUX,2000d,12-29-2021
1417,,,NWN,2000d,12-29-2021
1418,,,ODFL,2000d,12-29-2021
1419,,,PM,2000d,12-29-2021
1420,,,WEN,2000d,12-29-2021
1421,,,HCCI,2000d,12-29-2021
1422,,,OXY,2000d,12-29-2021
1423,,,PATH,2000d,12-29-2021
1424,,,VNE,2000d,12-29-2021
1425,,,CONN,2000d,12-29-2021
1426,,,AVT,2000d,12-29-2021
1427,,,BABA,2000d,12-29-2021
1428,,,NVDA,2000d,12-29-2021
1429,,,JWN,2000d,12-29-2021
1430,,,CNS,2000d,12-29-2021
1431,,,AGI,2000d,12-29-2021
1432,,,ZEUS,2000d,12-29-2021
1433,,,OPTN,2000d,12-29-2021
1434,,,STRA,2000d,12-29-2021
1435,,,GKOS,2000d,12-29-2021
1436,,,PLAN,2000d,12-29-2021
1437,,,XM,2000d,12-29-2021
1438,,,ETSY,2000d,12-29-2021
1439,,,PDCO,2000d,12-29-2021
1440,,,EXLS,2000d,12-29-2021
1441,,,MASI,2000d,12-29-2021
1442,,,LE,2000d,12-29-2021
1443,,,MATX,2000d,12-29-2021
1444,,,OCSL,2000d,12-29-2021
1445,,,HA,2000d,12-29-2021
1446,,,NDSN,2000d,12-29-2021
1447,,,TS,2000d,12-29-2021
1448,,,CTLT,2000d,12-29-2021
1449,,,ACAD,2000d,12-29-2021
1450,,,LUMO,2000d,12-29-2021
1451,,,AES,2000d,12-29-2021
1452,,,NET,2000d,12-29-2021
1453,,,OMER,2000d,12-29-2021
1454,,,HMN,2000d,12-29-2021
1455,,,MANH,2000d,12-29-2021
1456,,,ASH,2000d,12-29-2021
1457,,,DVAX,2000d,12-29-2021
1458,,,AXDX,2000d,12-29-2021
1459,,,GERN,2000d,12-29-2021
1460,,,DOCU,2000d,12-29-2021
1461,,,QGEN,2000d,12-29-2021
1462,,,LW,2000d,12-29-2021
1463,,,AYI,2000d,12-29-2021
1464,,,J,2000d,12-29-2021
1465,,,CRI,2000d,12-29-2021
1466,,,NWL,2000d,12-29-2021
1467,,,DOCS,2000d,12-29-2021
1468,,,SXC,2000d,12-29-2021
1469,,,TWNK,2000d,12-29-2021
1470,,,SYY,2000d,12-29-2021
1471,,,GPK,2000d,12-29-2021
1472,,,OLED,2000d,12-29-2021
1473,,,DIS,2000d,12-29-2021
1474,,,FTV,2000d,12-29-2021
1475,,,IRWD,2000d,12-29-2021
1476,,,CMCO,2000d,12-29-2021
1477,,,HEI,2000d,12-29-2021
1478,,,PBH,2000d,12-29-2021
1479,,,FN,2000d,12-29-2021
1480,,,HLI,2000d,12-29-2021
1481,,,SON,2000d,12-29-2021
1482,,,KKR,2000d,12-29-2021
1483,,,NSP,2000d,12-29-2021
1484,,,YUM,2000d,12-29-2021
1485,,,KMT,2000d,12-29-2021
1486,,,ET,2000d,12-29-2021
1487,,,PNC,2000d,12-29-2021
1488,,,STKL,2000d,12-29-2021
1489,,,TKR,2000d,12-29-2021
1490,,,HAL,2000d,12-29-2021
1491,,,NFG,2000d,12-29-2021
1492,,,CMRE,2000d,12-29-2021
1493,,,BIO,2000d,12-29-2021
1494,,,VTRS,2000d,12-29-2021
1495,,,FIX,2000d,12-29-2021
1496,,,PCAR,2000d,12-29-2021
1497,,,COLL,2000d,12-29-2021
1498,,,DISH,2000d,12-29-2021
1499,,,SNA,2000d,12-29-2021
1500,,,OSIS,2000d,12-29-2021
1501,,,UNF,2000d,12-29-2021
1502,,,OSUR,2000d,12-29-2021
1503,,,EXAS,2000d,12-29-2021
1504,,,SIG,2000d,12-29-2021
1505,,,HOG,2000d,12-29-2021
1506,,,EXPO,2000d,12-29-2021
1507,,,HPE,2000d,12-29-2021
1508,,,KBR,2000d,12-29-2021
1509,,,VBIV,2000d,12-29-2021
1510,,,DPZ,2000d,12-29-2021
1511,,,ASML,2000d,12-29-2021
1512,,,TRGP,2000d,12-29-2021
1513,,,TA,2000d,12-29-2021
1514,,,SAIA,2000d,12-29-2021
1515,,,OMI,2000d,12-29-2021
1516,,,ANIP,2000d,12-29-2021
1517,,,ADUS,2000d,12-29-2021
1518,,,CPK,2000d,12-29-2021
1519,,,TSQ,2000d,12-29-2021
1520,,,WISH,2000d,12-29-2021
1521,,,DSX,2000d,12-29-2021
1522,,,GPI,2000d,12-29-2021
1523,,,TK,2000d,12-29-2021
1524,,,TME,2000d,12-29-2021
1525,,,ZUO,2000d,12-29-2021
1526,,,FICO,2000d,12-29-2021
1527,,,FLR,2000d,12-29-2021
1528,,,CYBR,2000d,12-29-2021
1529,,,ZEN,2000d,12-29-2021
1530,,,CIEN,2000d,12-29-2021
1531,,,DD,2000d,12-29-2021
1532,,,AG,2000d,12-29-2021
1533,,,KMDA,2000d,12-29-2021
1534,,,PSX,2000d,12-29-2021
1535,,,LH,2000d,12-29-2021
1536,,,GWRE,2000d,12-29-2021
1537,,,STLD,2000d,12-29-2021
1538,,,PLTR,2000d,12-29-2021
1539,,,REAL,2000d,12-29-2021
1540,,,LL,2000d,12-29-2021
1541,,,NTCT,2000d,12-29-2021
1542,,,ACI,2000d,12-29-2021
1543,,,FAF,2000d,12-29-2021
1544,,,HES,2000d,12-29-2021
1545,,,TWLO,2000d,12-29-2021
1546,,,POR,2000d,12-29-2021
1547,,,CDNA,2000d,12-29-2021
1548,,,XPER,2000d,12-29-2021
1549,,,CTSO,2000d,12-29-2021
1550,,,RVLV,2000d,12-29-2021
1551,,,SO,2000d,12-29-2021
1552,,,TDG,2000d,12-29-2021
1553,,,MTDR,2000d,12-29-2021
1554,,,AGX,2000d,12-29-2021
1555,,,SUPN,2000d,12-29-2021
1556,,,MODN,2000d,12-29-2021
1557,,,MGNX,2000d,12-29-2021
1558,,,HUBG,2000d,12-29-2021
1559,,,RS,2000d,12-29-2021
1560,,,LKQ,2000d,12-29-2021
1561,,,RETA,2000d,12-29-2021
1562,,,RAMP,2000d,12-29-2021
1563,,,CECE,2000d,12-29-2021
1564,,,BLUE,2000d,12-29-2021
1565,,,MIC,2000d,12-29-2021
1566,,,DBD,2000d,12-29-2021
1567,,,BC,2000d,12-29-2021
1568,,,DXC,2000d,12-29-2021
1569,,,NATI,2000d,12-29-2021
1570,,,CG,2000d,12-29-2021
1571,,,MTCH,2000d,12-29-2021
1572,,,THC,2000d,12-29-2021
1573,,,NVEE,2000d,12-29-2021
1574,,,SXI,2000d,12-29-2021
1575,,,NMM,2000d,12-29-2021
1576,,,NRP,2000d,12-29-2021
1577,,,RAIL,2000d,12-29-2021
1578,,,AFL,2000d,12-29-2021
1579,,,BERY,2000d,12-29-2021
1580,,,RDWR,2000d,12-29-2021
1581,,,MYE,2000d,12-29-2021
1582,,,INFI,2000d,12-29-2021
1583,,,NS,2000d,12-29-2021
1584,,,GTLS,2000d,12-29-2021
1585,,,ORCL,2000d,12-29-2021
1586,,,ATVI,2000d,12-29-2021
1587,,,UIS,2000d,12-29-2021
1588,,,OXM,2000d,12-29-2021
1589,,,TACO,2000d,12-29-2021
1590,,,MTD,2000d,12-29-2021
1591,,,STC,2000d,12-29-2021
1592,,,COKE,2000d,12-29-2021
1593,,,GPN,2000d,12-29-2021
1594,,,RBBN,2000d,12-29-2021
1595,,,PDD,2000d,12-29-2021
1596,,,MMYT,2000d,12-29-2021
1597,,,SSP,2000d,12-29-2021
1598,,,NCLH,2000d,12-29-2021
1599,,,MRTN,2000d,12-29-2021
1600,,,DXCM,2000d,12-29-2021
1601,,,CCOI,2000d,12-29-2021
1602,,,BMRN,2000d,12-29-2021
1603,,,MRVL,2000d,12-29-2021
1604,,,ABM,2000d,12-29-2021
1605,,,ROP,2000d,12-29-2021
1606,,,AFRM,2000d,12-29-2021
1607,,,SJI,2000d,12-29-2021
1608,,,RGP,2000d,12-29-2021
1609,,,EVRG,2000d,12-29-2021
1610,,,CABO,2000d,12-29-2021
1611,,,IGT,2000d,12-29-2021
1612,,,SABR,2000d,12-29-2021
1613,,,FOXF,2000d,12-29-2021
1614,,,CLAR,2000d,12-29-2021
1615,,,LNC,2000d,12-29-2021
1616,,,MPWR,2000d,12-29-2021
1617,,,IMAX,2000d,12-29-2021
1618,,,SIRI,2000d,12-29-2021
1619,,,KTOS,2000d,12-29-2021
1620,,,WAB,2000d,12-29-2021
1621,,,EMR,2000d,12-29-2021
1622,,,OGE,2000d,12-29-2021
1623,,,VGR,2000d,12-29-2021
1624,,,SWIR,2000d,12-29-2021
1625,,,WPM,2000d,12-29-2021
1626,,,VRSK,2000d,12-29-2021
1627,,,MSM,2000d,12-29-2021
1628,,,FIZZ,2000d,12-29-2021
1629,,,PEN,2000d,12-29-2021
1630,,,TROW,2000d,12-29-2021
1631,,,MSGS,2000d,12-29-2021
1632,,,SLB,2000d,12-29-2021
1633,,,AMED,2000d,12-29-2021
1634,,,IDCC,2000d,12-29-2021
1635,,,OI,2000d,12-29-2021
1636,,,LEG,2000d,12-29-2021
1637,,,PGR,2000d,12-29-2021
1638,,,AGTC,2000d,12-29-2021
1639,,,FORM,2000d,12-29-2021
1640,,,QNST,2000d,12-29-2021
1641,,,MAR,2000d,12-29-2021
1642,,,ALB,2000d,12-29-2021
1643,,,NKTR,2000d,12-29-2021
1644,,,KOS,2000d,12-29-2021
1645,,,LYFT,2000d,12-29-2021
1646,,,ASC,2000d,12-29-2021
1647,,,VECO,2000d,12-29-2021
1648,,,EME,2000d,12-29-2021
1649,,,MRO,2000d,12-29-2021
1650,,,WCN,2000d,12-29-2021
1651,,,FVRR,2000d,12-29-2021
1652,,,LHCG,2000d,12-29-2021
1653,,,LNG,2000d,12-29-2021
1654,,,GCI,2000d,12-29-2021
1655,,,ST,2000d,12-29-2021
1656,,,TRN,2000d,12-29-2021
1657,,,PRTY,2000d,12-29-2021
1658,,,ATKR,2000d,12-29-2021
1659,,,PEG,2000d,12-29-2021
1660,,,WTI,2000d,12-29-2021
1661,,,JHX,2000d,12-29-2021
1662,,,GHM,2000d,12-29-2021
1663,,,AGIO,2000d,12-29-2021
1664,,,CHRW,2000d,12-29-2021
1665,,,CNMD,2000d,12-29-2021
1666,,,MCY,2000d,12-29-2021
1667,,,ISEE,2000d,12-29-2021
1668,,,UHS,2000d,12-29-2021
1669,,,STE,2000d,12-29-2021
1670,,,OTTR,2000d,12-29-2021
1671,,,TEVA,2000d,12-29-2021
1672,,,HSTM,2000d,12-29-2021
1673,,,HMC,2000d,12-29-2021
1674,,,AIR,2000d,12-29-2021
1675,,,GHL,2000d,12-29-2021
1676,,,ITGR,2000d,12-29-2021
1677,,,TPR,2000d,12-29-2021
1678,,,CTBI,2000d,12-29-2021
1679,,,EPAY,2000d,12-29-2021
1680,,,EA,2000d,12-29-2021
1681,,,DASH,2000d,12-29-2021
1682,,,GATX,2000d,12-29-2021
1683,,,AVID,2000d,12-29-2021
1684,,,CP,2000d,12-29-2021
1685,,,CNR,2000d,12-29-2021
1686,,,EHTH,2000d,12-29-2021
1687,,,MGM,2000d,12-29-2021
1688,,,SQM,2000d,12-29-2021
1689,,,ENTG,2000d,12-29-2021
1690,,,IMMR,2000d,12-29-2021
1691,,,SM,2000d,12-29-2021
1692,,,CRL,2000d,12-29-2021
1693,,,NEE,2000d,12-29-2021
1694,,,BWA,2000d,12-29-2021
1695,,,NGVC,2000d,12-29-2021
1696,,,WW,2000d,12-29-2021
1697,,,RPM,2000d,12-29-2021
1698,,,SATS,2000d,12-29-2021
1699,,,BAH,2000d,12-29-2021
1700,,,DENN,2000d,12-29-2021
1701,,,TEX,2000d,12-29-2021
1702,,,FSLR,2000d,12-29-2021
1703,,,CVS,2000d,12-29-2021
1704,,,HPQ,2000d,12-29-2021
1705,,,CLMT,2000d,12-29-2021
1706,,,CACC,2000d,12-29-2021
1707,,,ITW,2000d,12-29-2021
1708,,,VPG,2000d,12-29-2021
1709,,,SYNA,2000d,12-29-2021
1710,,,AMC,2000d,12-29-2021
1711,,,HZNP,2000d,12-29-2021
1712,,,ACHC,2000d,12-29-2021
1713,,,CDNS,2000d,12-29-2021
1714,,,CVX,2000d,12-29-2021
1715,,,DBX,2000d,12-29-2021
1716,,,ATRO,2000d,12-29-2021
1717,,,NOMD,2000d,12-29-2021
1718,,,PAR,2000d,12-29-2021
1719,,,CSTE,2000d,12-29-2021
1720,,,AXTI,2000d,12-29-2021
1721,,,BFAM,2000d,12-29-2021
1722,,,PRLB,2000d,12-29-2021
1723,,,BIDU,2000d,12-29-2021
1724,,,PCRX,2000d,12-29-2021
1725,,,EVTC,2000d,12-29-2021
1726,,,XRAY,2000d,12-29-2021
1727,,,MNKD,2000d,12-29-2021
1728,,,PD,2000d,12-29-2021
1729,,,MTSI,2000d,12-29-2021
1730,,,TXG,2000d,12-29-2021
1731,,,WGO,2000d,12-29-2021
1732,,,DDD,2000d,12-29-2021
1733,,,RSG,2000d,12-29-2021
1734,,,MCS,2000d,12-29-2021
1735,,,ANSS,2000d,12-29-2021
1736,,,ECOL,2000d,12-29-2021
1737,,,BMY,2000d,12-29-2021
1738,,,FL,2000d,12-29-2021
1739,,,SGEN,2000d,12-29-2021
1740,,,ONEM,2000d,12-29-2021
1741,,,BUD,2000d,12-29-2021
1742,,,FLS,2000d,12-29-2021
1743,,,HLNE,2000d,12-29-2021
1744,,,RMAX,2000d,12-29-2021
1745,,,LECO,2000d,12-29-2021
1746,,,ICD,2000d,12-29-2021
1747,,,PLNT,2000d,12-29-2021
1748,,,URBN,2000d,12-29-2021
1749,,,ACEL,2000d,12-29-2021
1750,,,WETF,2000d,12-29-2021
1751,,,SPWH,2000d,12-29-2021
1752,,,NEOG,2000d,12-29-2021
1753,,,PNR,2000d,12-29-2021
1754,,,QDEL,2000d,12-29-2021
1755,,,DLTR,2000d,12-29-2021
1756,,,TREC,2000d,12-29-2021
1757,,,MOD,2000d,12-29-2021
1758,,,PRPL,2000d,12-29-2021
1759,,,SHYF,2000d,12-29-2021
1760,,,BGNE,2000d,12-29-2021
1761,,,MTRX,2000d,12-29-2021
1762,,,QURE,2000d,12-29-2021
1763,,,BCOR,2000d,12-29-2021
1764,,,ADAP,2000d,12-29-2021
1765,,,TXMD,2000d,12-29-2021
1766,,,GIII,2000d,12-29-2021
1767,,,CVE,2000d,12-29-2021
1768,,,LSTR,2000d,12-29-2021
1769,,,DDS,2000d,12-29-2021
1770,,,BDC,2000d,12-29-2021
1771,,,AVA,2000d,12-29-2021
1772,,,SWKS,2000d,12-29-2021
1773,,,APPF,2000d,12-29-2021
1774,,,LITE,2000d,12-29-2021
1775,,,MTX,2000d,12-29-2021
1776,,,MKSI,2000d,12-29-2021
1777,,,ABCB,2000d,12-29-2021
1778,,,SWCH,2000d,12-29-2021
1779,,,DY,2000d,12-29-2021
1780,,,TYL,2000d,12-29-2021
1781,,,FC,2000d,12-29-2021
1782,,,NTAP,2000d,12-29-2021
1783,,,TTD,2000d,12-29-2021
1784,,,FBHS,2000d,12-29-2021
1785,,,CAL,2000d,12-29-2021
1786,,,RNR,2000d,12-29-2021
1787,,,SRE,2000d,12-29-2021
1788,,,CLB,2000d,12-29-2021
1789,,,PTEN,2000d,12-29-2021
1790,,,VRSN,2000d,12-29-2021
1791,,,NVTA,2000d,12-29-2021
1792,,,SHEN,2000d,12-29-2021
1793,,,GT,2000d,12-29-2021
1794,,,HSY,2000d,12-29-2021
1795,,,RDNT,2000d,12-29-2021
1796,,,TRMD,2000d,12-29-2021
1797,,,DOOR,2000d,12-29-2021
1798,,,AVY,2000d,12-29-2021
1799,,,PSN,2000d,12-29-2021
1800,,,AZTA,2000d,12-29-2021
1801,,,VWTR,2000d,12-29-2021
1802,,,AN,2000d,12-29-2021
1803,,,ALG,2000d,12-29-2021
1804,,,X,2000d,12-29-2021
1805,,,CNA,2000d,12-29-2021
1806,,,BOKF,2000d,12-29-2021
1807,,,CRMT,2000d,12-29-2021
1808,,,SCHL,2000d,12-29-2021
1809,,,LCI,2000d,12-29-2021
1810,,,TRMB,2000d,12-29-2021
1811,,,KDP,2000d,12-29-2021
1812,,,KMX,2000d,12-29-2021
1813,,,PFSW,2000d,12-29-2021
1814,,,UAA,2000d,12-29-2021
1815,,,PLOW,2000d,12-29-2021
1816,,,PGTI,2000d,12-29-2021
1817,,,DCO,2000d,12-29-2021
1818,,,HLIO,2000d,12-29-2021
1819,,,WRB,2000d,12-29-2021
1820,,,PENN,2000d,12-29-2021
1821,,,VEC,2000d,12-29-2021
1822,,,DLX,2000d,12-29-2021
1823,,,FIVE,2000d,12-29-2021
1824,,,BB,2000d,12-29-2021
1825,,,TM,2000d,12-29-2021
1826,,,MCHP,2000d,12-29-2021
1827,,,AZPN,2000d,12-29-2021
1828,,,GL,2000d,12-29-2021
1829,,,FOLD,2000d,12-29-2021
1830,,,PRDO,2000d,12-29-2021
1831,,,NHTC,2000d,12-29-2021
1832,,,COST,2000d,12-29-2021
1833,,,THRM,2000d,12-29-2021
1834,,,MS,2000d,12-29-2021
1835,,,NSC,2000d,12-29-2021
1836,,,APPN,2000d,12-29-2021
1837,,,EIX,2000d,12-29-2021
1838,,,CAT,2000d,12-29-2021
1839,,,RMBS,2000d,12-29-2021
1840,,,ORLY,2000d,12-29-2021
1841,,,ALGT,2000d,12-29-2021
1842,,,EXPE,2000d,12-29-2021
1843,,,INMD,2000d,12-29-2021
1844,,,HIBB,2000d,12-29-2021
1845,,,MP,2000d,12-29-2021
1846,,,FGEN,2000d,12-29-2021
1847,,,TFX,2000d,12-29-2021
1848,,,CMCSA,2000d,12-29-2021
1849,,,GRC,2000d,12-29-2021
1850,,,PLUG,2000d,12-29-2021
1851,,,PLT,2000d,12-29-2021
1852,,,ONTO,2000d,12-29-2021
1853,,,STX,2000d,12-29-2021
1854,,,NMRK,2000d,12-29-2021
1855,,,SJR,2000d,12-29-2021
1856,,,COUP,2000d,12-29-2021
1857,,,FTDR,2000d,12-29-2021
1858,,,WU,2000d,12-29-2021
1859,,,GDRX,2000d,12-29-2021
1860,,,DAN,2000d,12-29-2021
1861,,,SB,2000d,12-29-2021
1862,,,AMAT,2000d,12-29-2021
1863,,,PLCE,2000d,12-29-2021
1864,,,NIO,2000d,12-29-2021
1865,,,ENV,2000d,12-29-2021
1866,,,DOV,2000d,12-29-2021
1867,,,MMS,2000d,12-29-2021
1868,,,AVNS,2000d,12-29-2021
1869,,,MESO,2000d,12-29-2021
1870,,,PZZA,2000d,12-29-2021
1871,,,WB,2000d,12-29-2021
1872,,,AFMD,2000d,12-29-2021
1873,,,TPC,2000d,12-29-2021
1874,,,NSTG,2000d,12-29-2021
1875,,,SAM,2000d,12-29-2021
1876,,,VAC,2000d,12-29-2021
1877,,,AYX,2000d,12-29-2021
1878,,,TNK,2000d,12-29-2021
1879,,,ACA,2000d,12-29-2021
1880,,,MC,2000d,12-29-2021
1881,,,ENR,2000d,12-29-2021
1882,,,XRX,2000d,12-29-2021
1883,,,UMC,2000d,12-29-2021
1884,,,CVET,2000d,12-29-2021
1885,,,WST,2000d,12-29-2021
1886,,,HWM,2000d,12-29-2021
1887,,,PLUS,2000d,12-29-2021
1888,,,TRVN,2000d,12-29-2021
1889,,,AMKR,2000d,12-29-2021
1890,,,HOLX,2000d,12-29-2021
1891,,,ALL,2000d,12-29-2021
1892,,,MAXR,2000d,12-29-2021
1893,,,SPOK,2000d,12-29-2021
1894,,,OPK,2000d,12-29-2021
1895,,,TRP,2000d,12-29-2021
1896,,,HY,2000d,12-29-2021
1897,,,BRC,2000d,12-29-2021
1898,,,BL,2000d,12-29-2021
1899,,,FE,2000d,12-29-2021
1900,,,ACN,2000d,12-29-2021
1901,,,CPA,2000d,12-29-2021
1902,,,BBWI,2000d,12-29-2021
1903,,,WNS,2000d,12-29-2021
1904,,,CBT,2000d,12-29-2021
1905,,,PII,2000d,12-29-2021
1906,,,HZO,2000d,12-29-2021
1907,,,ICUI,2000d,12-29-2021
1908,,,R,2000d,12-29-2021
1909,,,DNB,2000d,12-29-2021
1910,,,MCK,2000d,12-29-2021
1911,,,BOOM,2000d,12-29-2021
1912,,,CSCO,2000d,12-29-2021
1913,,,FLT,2000d,12-29-2021
1914,,,MUR,2000d,12-29-2021
1915,,,TTOO,2000d,12-29-2021
1916,,,SAFT,2000d,12-29-2021
1917,,,AZZ,2000d,12-29-2021
1918,,,ZWS,2000d,12-29-2021
1919,,,DBI,2000d,12-29-2021
1920,,,AGCO,2000d,12-29-2021
1921,,,EHC,2000d,12-29-2021
1922,,,PRAA,2000d,12-29-2021
1923,,,SDGR,2000d,12-29-2021
1924,,,FMC,2000d,12-29-2021
1925,,,SCS,2000d,12-29-2021
1926,,,UFPI,2000d,12-29-2021
1927,,,WLDN,2000d,12-29-2021
1928,,,MGI,2000d,12-29-2021
1929,,,TWIN,2000d,12-29-2021
1930,,,EYE,2000d,12-29-2021
1931,,,ALLT,2000d,12-29-2021
1932,,,OCFC,2000d,12-29-2021
1933,,,SHOO,2000d,12-29-2021
1934,,,BWA,2000d,12-29-2021
1935,,,NGVC,2000d,12-29-2021
1936,,,WW,2000d,12-29-2021
1937,,,RPM,2000d,12-29-2021
1938,,,SATS,2000d,12-29-2021
1939,,,BAH,2000d,12-29-2021
1940,,,DENN,2000d,12-29-2021
1941,,,TEX,2000d,12-29-2021
1942,,,FSLR,2000d,12-29-2021
1943,,,CVS,2000d,12-29-2021
1944,,,HPQ,2000d,12-29-2021
1945,,,CLMT,2000d,12-29-2021
1946,,,CACC,2000d,12-29-2021
1947,,,ITW,2000d,12-29-2021
1948,,,VPG,2000d,12-29-2021
1949,,,SYNA,2000d,12-29-2021
1950,,,AMC,2000d,12-29-2021
1951,,,HZNP,2000d,12-29-2021
1952,,,ACHC,2000d,12-29-2021
1953,,,CDNS,2000d,12-29-2021
1954,,,CVX,2000d,12-29-2021
1955,,,DBX,2000d,12-29-2021
1956,,,ATRO,2000d,12-29-2021
1957,,,NOMD,2000d,12-29-2021
1958,,,PAR,2000d,12-29-2021
1959,,,CSTE,2000d,12-29-2021
1960,,,AXTI,2000d,12-29-2021
1961,,,BFAM,2000d,12-29-2021
1962,,,PRLB,2000d,12-29-2021
1963,,,BIDU,2000d,12-29-2021
1964,,,PCRX,2000d,12-29-2021
1965,,,EVTC,2000d,12-29-2021
1966,,,XRAY,2000d,12-29-2021
1967,,,MNKD,2000d,12-29-2021
1968,,,PD,2000d,12-29-2021
1969,,,MTSI,2000d,12-29-2021
1970,,,TXG,2000d,12-29-2021
1971,,,WGO,2000d,12-29-2021
1972,,,DDD,2000d,12-29-2021
1973,,,RSG,2000d,12-29-2021
1974,,,MCS,2000d,12-29-2021
1975,,,ANSS,2000d,12-29-2021
1976,,,ECOL,2000d,12-29-2021
1977,,,BMY,2000d,12-29-2021
1978,,,FL,2000d,12-29-2021
1979,,,SGEN,2000d,12-29-2021
1980,,,ONEM,2000d,12-29-2021
1981,,,BUD,2000d,12-29-2021
1982,,,FLS,2000d,12-29-2021
1983,,,HLNE,2000d,12-29-2021
1984,,,RMAX,2000d,12-29-2021
1985,,,LECO,2000d,12-29-2021
1986,,,ICD,2000d,12-29-2021
1987,,,PLNT,2000d,12-29-2021
1988,,,URBN,2000d,12-29-2021
1989,,,ACEL,2000d,12-29-2021
1990,,,WETF,2000d,12-29-2021
1991,,,SPWH,2000d,12-29-2021
1992,,,NEOG,2000d,12-29-2021
1993,,,PNR,2000d,12-29-2021
1994,,,QDEL,2000d,12-29-2021
1995,,,DLTR,2000d,12-29-2021
1996,,,TREC,2000d,12-29-2021
1997,,,MOD,2000d,12-29-2021
1998,,,PRPL,2000d,12-29-2021
1999,,,SHYF,2000d,12-29-2021
2000,,,BGNE,2000d,12-29-2021
2001,,,MTRX,2000d,12-29-2021
2002,,,QURE,2000d,12-29-2021
2003,,,BCOR,2000d,12-29-2021
2004,,,ADAP,2000d,12-29-2021
2005,,,TXMD,2000d,12-29-2021
2006,,,GIII,2000d,12-29-2021
2007,,,CVE,2000d,12-29-2021
2008,,,LSTR,2000d,12-29-2021
2009,,,DDS,2000d,12-29-2021
2010,,,BDC,2000d,12-29-2021
2011,,,AVA,2000d,12-29-2021
2012,,,SWKS,2000d,12-29-2021
2013,,,APPF,2000d,12-29-2021
2014,,,LITE,2000d,12-29-2021
2015,,,MTX,2000d,12-29-2021
2016,,,MKSI,2000d,12-29-2021
2017,,,ABCB,2000d,12-29-2021
2018,,,SWCH,2000d,12-29-2021
2019,,,DY,2000d,12-29-2021
2020,,,TYL,2000d,12-29-2021
2021,,,FC,2000d,12-29-2021
2022,,,NTAP,2000d,12-29-2021
2023,,,TTD,2000d,12-29-2021
2024,,,FBHS,2000d,12-29-2021
2025,,,CAL,2000d,12-29-2021
2026,,,RNR,2000d,12-29-2021
2027,,,SRE,2000d,12-29-2021
2028,,,CLB,2000d,12-29-2021
2029,,,PTEN,2000d,12-29-2021
2030,,,VRSN,2000d,12-29-2021
2031,,,NVTA,2000d,12-29-2021
2032,,,SHEN,2000d,12-29-2021
2033,,,GT,2000d,12-29-2021
2034,,,HSY,2000d,12-29-2021
2035,,,RDNT,2000d,12-29-2021
2036,,,TRMD,2000d,12-29-2021
2037,,,DOOR,2000d,12-29-2021
2038,,,AVY,2000d,12-29-2021
2039,,,PSN,2000d,12-29-2021
2040,,,AZTA,2000d,12-29-2021
2041,,,VWTR,2000d,12-29-2021
2042,,,AN,2000d,12-29-2021
2043,,,ALG,2000d,12-29-2021
2044,,,X,2000d,12-29-2021
2045,,,CNA,2000d,12-29-2021
2046,,,BOKF,2000d,12-29-2021
2047,,,CRMT,2000d,12-29-2021
2048,,,SCHL,2000d,12-29-2021
2049,,,LCI,2000d,12-29-2021
2050,,,TRMB,2000d,12-29-2021
2051,,,KDP,2000d,12-29-2021
2052,,,KMX,2000d,12-29-2021
2053,,,PFSW,2000d,12-29-2021
2054,,,UAA,2000d,12-29-2021
2055,,,PLOW,2000d,12-29-2021
2056,,,PGTI,2000d,12-29-2021
2057,,,DCO,2000d,12-29-2021
2058,,,HLIO,2000d,12-29-2021
2059,,,WRB,2000d,12-29-2021
2060,,,PENN,2000d,12-29-2021
2061,,,VEC,2000d,12-29-2021
2062,,,DLX,2000d,12-29-2021
2063,,,FIVE,2000d,12-29-2021
2064,,,BB,2000d,12-29-2021
2065,,,TM,2000d,12-29-2021
2066,,,MCHP,2000d,12-29-2021
2067,,,AZPN,2000d,12-29-2021
2068,,,GL,2000d,12-29-2021
2069,,,FOLD,2000d,12-29-2021
2070,,,PRDO,2000d,12-29-2021
2071,,,NHTC,2000d,12-29-2021
2072,,,COST,2000d,12-29-2021
2073,,,THRM,2000d,12-29-2021
2074,,,MS,2000d,12-29-2021
2075,,,NSC,2000d,12-29-2021
2076,,,APPN,2000d,12-29-2021
2077,,,EIX,2000d,12-29-2021
2078,,,CAT,2000d,12-29-2021
2079,,,RMBS,2000d,12-29-2021
2080,,,ORLY,2000d,12-29-2021
2081,,,ALGT,2000d,12-29-2021
2082,,,EXPE,2000d,12-29-2021
2083,,,INMD,2000d,12-29-2021
2084,,,HIBB,2000d,12-29-2021
2085,,,MP,2000d,12-29-2021
2086,,,FGEN,2000d,12-29-2021
2087,,,TFX,2000d,12-29-2021
2088,,,CMCSA,2000d,12-29-2021
2089,,,GRC,2000d,12-29-2021
2090,,,PLUG,2000d,12-29-2021
2091,,,PLT,2000d,12-29-2021
2092,,,ONTO,2000d,12-29-2021
2093,,,STX,2000d,12-29-2021
2094,,,NMRK,2000d,12-29-2021
2095,,,SJR,2000d,12-29-2021
2096,,,COUP,2000d,12-29-2021
2097,,,FTDR,2000d,12-29-2021
2098,,,WU,2000d,12-29-2021
2099,,,GDRX,2000d,12-29-2021
2100,,,DAN,2000d,12-29-2021
2101,,,SB,2000d,12-29-2021
2102,,,AMAT,2000d,12-29-2021
2103,,,PLCE,2000d,12-29-2021
2104,,,NIO,2000d,12-29-2021
2105,,,ENV,2000d,12-29-2021
2106,,,DOV,2000d,12-29-2021
2107,,,MMS,2000d,12-29-2021
2108,,,AVNS,2000d,12-29-2021
2109,,,MESO,2000d,12-29-2021
2110,,,PZZA,2000d,12-29-2021
2111,,,WB,2000d,12-29-2021
2112,,,AFMD,2000d,12-29-2021
2113,,,TPC,2000d,12-29-2021
2114,,,NSTG,2000d,12-29-2021
2115,,,SAM,2000d,12-29-2021
2116,,,VAC,2000d,12-29-2021
2117,,,AYX,2000d,12-29-2021
2118,,,TNK,2000d,12-29-2021
2119,,,ACA,2000d,12-29-2021
2120,,,MC,2000d,12-29-2021
2121,,,ENR,2000d,12-29-2021
2122,,,XRX,2000d,12-29-2021
2123,,,UMC,2000d,12-29-2021
2124,,,CVET,2000d,12-29-2021
2125,,,WST,2000d,12-29-2021
2126,,,HWM,2000d,12-29-2021
2127,,,PLUS,2000d,12-29-2021
2128,,,TRVN,2000d,12-29-2021
2129,,,AMKR,2000d,12-29-2021
2130,,,HOLX,2000d,12-29-2021
2131,,,ALL,2000d,12-29-2021
2132,,,MAXR,2000d,12-29-2021
2133,,,SPOK,2000d,12-29-2021
2134,,,OPK,2000d,12-29-2021
2135,,,TRP,2000d,12-29-2021
2136,,,HY,2000d,12-29-2021
2137,,,BRC,2000d,12-29-2021
2138,,,BL,2000d,12-29-2021
2139,,,FE,2000d,12-29-2021
2140,,,ACN,2000d,12-29-2021
2141,,,CPA,2000d,12-29-2021
2142,,,BBWI,2000d,12-29-2021
2143,,,WNS,2000d,12-29-2021
2144,,,CBT,2000d,12-29-2021
2145,,,PII,2000d,12-29-2021
2146,,,HZO,2000d,12-29-2021
2147,,,ICUI,2000d,12-29-2021
2148,,,R,2000d,12-29-2021
2149,,,DNB,2000d,12-29-2021
2150,,,MCK,2000d,12-29-2021
2151,,,BOOM,2000d,12-29-2021
2152,,,CSCO,2000d,12-29-2021
2153,,,FLT,2000d,12-29-2021
2154,,,MUR,2000d,12-29-2021
2155,,,TTOO,2000d,12-29-2021
2156,,,SAFT,2000d,12-29-2021
2157,,,AZZ,2000d,12-29-2021
2158,,,ZWS,2000d,12-29-2021
2159,,,DBI,2000d,12-29-2021
2160,,,AGCO,2000d,12-29-2021
2161,,,EHC,2000d,12-29-2021
2162,,,PRAA,2000d,12-29-2021
2163,,,SDGR,2000d,12-29-2021
2164,,,FMC,2000d,12-29-2021
2165,,,SCS,2000d,12-29-2021
2166,,,UFPI,2000d,12-29-2021
2167,,,WLDN,2000d,12-29-2021
2168,,,MGI,2000d,12-29-2021
2169,,,TWIN,2000d,12-29-2021
2170,,,EYE,2000d,12-29-2021
2171,,,ALLT,2000d,12-29-2021
2172,,,OCFC,2000d,12-29-2021
2173,,,SHOO,2000d,12-29-2021
2174,,,BWA,2000d,12-29-2021
2175,,,NGVC,2000d,12-29-2021
2176,,,WW,2000d,12-29-2021
2177,,,RPM,2000d,12-29-2021
2178,,,SATS,2000d,12-29-2021
2179,,,BAH,2000d,12-29-2021
2180,,,DENN,2000d,12-29-2021
2181,,,TEX,2000d,12-29-2021
2182,,,FSLR,2000d,12-29-2021
2183,,,CVS,2000d,12-29-2021
2184,,,HPQ,2000d,12-29-2021
2185,,,CLMT,2000d,12-29-2021
2186,,,CACC,2000d,12-29-2021
